station_id,station_name,longitude_wgs84,latitude_wgs84,summer_mean_hourly,winter_mean_hourly,summer_total,winter_total,summer_n_hours,winter_n_hours,summer_winter_ratio,log_swr,total_traffic,reliable
5677,Zählfeld J_36.1_1_I (veraltet),9.999514,53.580505,78.1875,39.425925925925924,86319.0,42580.0,1104,1080,1.9831493658994834,0.29735542542214116,128899.0,True
5678,Zählfeld J_36.1_2_I (veraltet),9.999549,53.580513,51.69836956521739,35.391666666666666,57075.0,38223.0,1104,1080,1.4607497875738373,0.16457583182603816,95298.0,True
5679,Zählfeld B_39.5_1_I (veraltet),10.036357,53.57573,57.92391304347826,33.71666666666667,63948.0,36414.0,1104,1080,1.7179608416256527,0.23501326050819543,100362.0,True
5680,Zählfeld B_39.5_2_G (veraltet),10.036357,53.57573,2.7074275362318843,1.6990740740740742,2989.0,1835.0,1104,1080,1.593472337400782,0.20234452854494217,4824.0,True
5683,Zählfeld G_40.1_1_G (veraltet),10.042909,53.5987,0.3596014492753623,0.22870370370370371,397.0,247.0,1104,1080,1.5723464178841753,0.19654823559721893,644.0,True
5684,Zählfeld G_40.1_2_I (veraltet),10.042909,53.5987,20.496376811594203,15.349074074074075,22628.0,16577.0,1104,1080,1.3353493971479604,0.12559491468928438,39205.0,True
5685,Zählfeld B_39.6_1_G (veraltet),10.036151,53.57526,3.9818840579710146,3.5953703703703703,4396.0,3883.0,1104,1080,1.107503163175044,0.044344975299175,8279.0,True
5686,Zählfeld B_39.6_2_I (veraltet),10.036151,53.57526,59.87590579710145,36.678703703703704,66103.0,39613.0,1104,1080,1.6324433458932566,0.2128381179759735,105716.0,True
5689,Zählfeld B_28.6_1_G (veraltet),9.971825,53.566864,6.4375,4.686767169179229,7107.0,2798.0,1104,597,1.3735480700500358,0.13784386302280768,9905.0,True
5690,Zählfeld B_28.6_2_I (veraltet),9.971825,53.566864,70.16938405797102,39.266331658291456,77467.0,23442.0,1104,597,1.7870114445272884,0.25212733385938446,100909.0,True
5692,Zählfeld E_38.1_2_I (veraltet),10.010535,53.576782,14.005434782608695,8.339814814814815,15462.0,9007.0,1104,1080,1.6793460159006761,0.2251401882845606,24469.0,True
5693,Zählfeld G_40.6_1_G (veraltet),10.040742,53.598392,0.10507246376811594,0.035305343511450385,116.0,37.0,1104,1048,2.976106541323932,0.4736484744144511,153.0,True
5694,Zählfeld G_40.6_2_I (veraltet),10.040742,53.598392,32.03623188405797,16.735687022900763,35368.0,17539.0,1104,1048,1.9142465941326616,0.281997883060892,52907.0,True
5695,Zählfeld J_47.1_1_I (veraltet),10.207702,53.491257,18.530797101449274,13.123148148148148,20458.0,14173.0,1104,1080,1.4120694891388708,0.1498560692419823,34631.0,True
5696,Zählfeld J_47.1_2_I (veraltet),10.207702,53.491257,21.154891304347824,14.651851851851852,23355.0,15824.0,1104,1080,1.4438373741592296,0.1595182794644669,39179.0,True
5697,Zählfeld B_9.1_1_G (veraltet),10.107728,53.537624,0.8106884057971014,1.3129629629629629,895.0,1418.0,1104,1080,0.6174495615379898,-0.20939851343736618,2313.0,True
5698,Zählfeld B_9.1_2_I (veraltet),10.107728,53.537624,5.192028985507246,3.3472222222222223,5732.0,3615.0,1104,1080,1.5511455890312105,0.19065256218852683,9347.0,True
5699,Zählfeld B_9.3_1_I (veraltet),10.108598,53.537655,2.4818840579710146,1.4851851851851852,2740.0,1604.0,1104,1080,1.6710940041201345,0.2230008809660129,4344.0,True
5700,Zählfeld B_9.3_2_G (veraltet),10.108598,53.537655,1.078804347826087,0.674074074074074,1191.0,728.0,1104,1080,1.6004240324892498,0.2042350642635099,1919.0,True
5701,Zählfeld B_46.8_1_G (veraltet),10.093715,53.655895,6.833333333333333,3.311111111111111,7544.0,3576.0,1104,1080,2.063758389261745,0.3146588516991615,11120.0,True
5702,Zählfeld B_46.8_2_I (veraltet),10.093715,53.655895,18.317028985507246,13.334259259259259,20222.0,14401.0,1104,1080,1.3736817793450333,0.13788613775934294,34623.0,True
5703,Zählfeld A_22.1_1_I (veraltet),9.868756,53.571373,31.080615942028984,19.331481481481482,34313.0,20878.0,1104,1080,1.607772067122871,0.2062244791093693,55191.0,True
5704,Zählfeld A_22.1_2_G (veraltet),9.868756,53.571373,11.606884057971014,7.344444444444444,12814.0,7932.0,1104,1080,1.5803624284680655,0.1987566962163463,20746.0,True
5705,Zählfeld B_31.5_1_G (veraltet),9.972654,53.581577,12.759963768115941,14.952777777777778,14087.0,16149.0,1104,1080,0.8533507257146088,-0.06887243783956237,30236.0,True
5706,Zählfeld B_31.5_2_I (veraltet),9.972654,53.581577,77.9447463768116,61.35462962962963,86051.0,66263.0,1104,1080,1.2703971460235204,0.10393950943154999,152314.0,True
5707,Zählfeld D_50.5_1_G (veraltet),9.985782,53.456486,2.4846014492753623,1.2101851851851853,2743.0,1307.0,1104,1080,2.0530754133262366,0.31240490211775473,4050.0,True
5708,Zählfeld D_50.5_2_I (veraltet),9.985782,53.456486,16.619565217391305,8.652777777777779,18348.0,9345.0,1104,1080,1.920720217740247,0.28346410783886367,27693.0,True
5709,Zählfeld C_22.2_1_G (veraltet),9.868201,53.571205,1.9728260869565217,0.9592592592592593,2178.0,1036.0,1104,1080,2.0566140674836326,0.3131528021043115,3214.0,True
5710,Zählfeld C_22.2_2_I (veraltet),9.868201,53.571205,2.842391304347826,2.338888888888889,3138.0,2526.0,1104,1080,1.215274191882681,0.08467427512537555,5664.0,True
5711,Zählfeld D_22.2_1_G (veraltet),9.868206,53.57122,0.028079710144927536,0.010185185185185186,31.0,11.0,1104,1080,2.7569169960474307,0.44042369076981724,42.0,True
5713,Zählfeld B_16.1_1_I (veraltet),10.018952,53.490955,4.536231884057971,2.101860920666014,5008.0,2146.0,1104,1021,2.1581979280629953,0.3340912712661711,7154.0,True
5714,Zählfeld B_16.1_2_G (veraltet),10.018952,53.490955,2.8432971014492754,0.5984329089128305,3139.0,611.0,1104,1021,4.751237873289215,0.6768067741512184,3750.0,True
5715,Zählfeld B_50.6_1_I (veraltet),9.984691,53.456963,23.432971014492754,13.594444444444445,25870.0,14682.0,1104,1080,1.7237167072369004,0.23646589107488017,40552.0,True
5716,Zählfeld B_50.6_2_G (veraltet),9.984691,53.456963,8.74909420289855,5.765740740740741,9659.0,6227.0,1104,1080,1.5174276118725605,0.18110798243978166,15886.0,True
5717,Zählfeld A_50.2_1_G (veraltet),9.987232,53.456978,5.8106884057971016,3.611111111111111,6415.0,3900.0,1104,1080,1.609113712374582,0.20658673577821773,10315.0,True
5718,Zählfeld A_50.2_2_I (veraltet),9.987232,53.456978,15.354166666666666,7.999074074074074,16951.0,8639.0,1104,1080,1.9194929968746381,0.28318653196566707,25590.0,True
5719,Zählfeld D_2.2_1_I (veraltet),9.966833,53.55737,106.51449275362319,65.91111111111111,117592.0,71184.0,1104,1080,1.6160324254595562,0.20845007058267553,188776.0,True
5721,Zählfeld B_16.6_1_I (veraltet),10.014789,53.491993,6.124094202898551,3.4203703703703705,6761.0,3694.0,1104,1080,1.7904769190932417,0.25296872692566486,10455.0,True
5722,Zählfeld B_16.6_2_G (veraltet),10.014789,53.491993,2.339673913043478,0.799074074074074,2583.0,863.0,1104,1080,2.9279812585016876,0.4665682925518772,3446.0,True
5727,Zählfeld A_25.1_1_I (veraltet),9.998648,53.557594,65.41576086956522,65.13703703703703,72219.0,70348.0,1104,1080,1.0042790376290789,0.0018543977348116658,142567.0,True
5728,Zählfeld A_25.1_2_G (veraltet),9.998648,53.557594,43.54347826086956,32.525,48072.0,35127.0,1104,1080,1.3387695084049058,0.12670581237837825,83199.0,True
5729,Zählfeld J_27.1_1_I (veraltet),9.995789,53.559383,123.61050724637681,60.169444444444444,136466.0,64983.0,1104,1080,2.054373418064524,0.31267938700471387,201449.0,True
5730,Zählfeld J_27.1_2_G (veraltet),9.995789,53.559383,105.03351449275362,46.208333333333336,115957.0,49905.0,1104,1080,2.273042694162387,0.35660759307868795,165862.0,True
5732,Zählfeld B_27.2_2_G (veraltet),9.993346,53.55816,19.52173913043478,15.110185185185186,21552.0,16319.0,1104,1080,1.2919589595483525,0.11124871805165366,37871.0,True
5733,Zählfeld H_29.4_1_I (veraltet),9.970359,53.576,52.1893115942029,44.51574074074074,57617.0,48077.0,1104,1080,1.1723788198460623,0.06906796388865165,105694.0,True
5734,Zählfeld H_29.4_2_G (veraltet),9.970359,53.576,0.15760869565217392,0.12037037037037036,174.0,130.0,1104,1080,1.3093645484949834,0.1170605780695326,304.0,True
5735,Zählfeld H_29.2_1_G (veraltet),9.970477,53.57606,0.4329710144927536,0.5305555555555556,478.0,573.0,1104,1080,0.8160710220805827,-0.08827204326150152,1051.0,True
5736,Zählfeld H_29.2_2_I (veraltet),9.970477,53.57606,55.10507246376812,39.7962962962963,60836.0,42980.0,1104,1080,1.384678414631679,0.14134892216025666,103816.0,True
5739,Zählfeld J_16.3_1_G (veraltet),10.018706,53.491585,0.04891304347826087,0.02962962962962963,54.0,32.0,1104,1080,1.6508152173913044,0.21769846359683215,86.0,True
5740,Zählfeld J_16.3_2_I (veraltet),10.018706,53.491585,2.3840579710144927,0.9805555555555555,2632.0,1059.0,1104,1080,2.431333908116763,0.3858446069282025,3691.0,True
5741,Zählfeld B_11.1_1_G (veraltet),10.027673,53.53323,1.247282608695652,2.113888888888889,1377.0,2283.0,1104,1080,0.5900417071359195,-0.229117289139542,3660.0,True
5742,Zählfeld B_11.1_2_I (veraltet),10.027673,53.53323,1.4057971014492754,18.664814814814815,1552.0,20158.0,1104,1080,0.07531803103309939,-1.1231010418502356,21710.0,True
5743,Zählfeld B_48.1_1_I (veraltet),10.186197,53.48948,27.794384057971016,14.423148148148147,30685.0,15577.0,1104,1080,1.9270677783019001,0.284896989811057,46262.0,True
5744,Zählfeld B_48.1_2_G (veraltet),10.186197,53.48948,15.895833333333334,7.966666666666667,17549.0,8604.0,1104,1080,1.9952928870292888,0.300006654350818,26153.0,True
5745,Zählfeld J_37.3_1_I (veraltet),10.019996,53.566193,14.802536231884059,9.518518518518519,16342.0,10280.0,1104,1080,1.5551302656064963,0.19176677359730618,26622.0,True
5746,Zählfeld J_37.3_2_I (veraltet),10.019996,53.566193,11.834239130434783,8.981481481481481,13065.0,9700.0,1104,1080,1.3176266248319142,0.11979236189086928,22765.0,True
5747,Zählfeld H_21.3_1_I (veraltet),9.933929,53.550266,84.89764492753623,52.95462962962963,93727.0,57191.0,1104,1080,1.603214780677714,0.2049917081399832,150918.0,True
5748,Zählfeld H_21.3_2_G (veraltet),9.933929,53.550266,1.2001811594202898,1.2851851851851852,1325.0,1388.0,1104,1080,0.9338585390301967,-0.02971890575223987,2713.0,True
5749,Zählfeld H_21.4_1_G (veraltet),9.933929,53.550247,0.6557971014492754,0.6685185185185185,724.0,722.0,1104,1080,0.9809707334698302,-0.008343949278722599,1446.0,True
5750,Zählfeld H_21.4_2_I (veraltet),9.933929,53.550247,84.58967391304348,56.76111111111111,93387.0,61302.0,1104,1080,1.4902751594741928,0.17326646251196645,154689.0,True
5755,Zählfeld B_21.1_1_I (veraltet),9.936625,53.55037,39.22192028985507,26.711111111111112,43301.0,28848.0,1104,1080,1.468374719670115,0.16683689884864736,72149.0,True
5756,Zählfeld B_21.1_2_G (veraltet),9.936625,53.55037,2.9175724637681157,2.174074074074074,3221.0,2348.0,1104,1080,1.3419839271165097,0.12774731433788408,5569.0,True
5757,Zählfeld J_42.7_1_I (veraltet),10.044535,53.563873,18.99003623188406,12.450925925925926,20965.0,13447.0,1104,1080,1.5251906841998053,0.18332414395740612,34412.0,True
5758,Zählfeld J_42.7_2_I (veraltet),10.044535,53.563873,22.981884057971016,13.357407407407408,25372.0,14426.0,1104,1080,1.7205347832114721,0.23566345696514845,39798.0,True
5759,Zählfeld B_16.2_1_G (veraltet),10.019236,53.490765,3.7255434782608696,2.1240740740740742,4113.0,2294.0,1104,1080,1.753961184185588,0.2440199780376958,6407.0,True
5760,Zählfeld B_16.2_2_I (veraltet),10.019236,53.490765,5.059782608695652,3.651851851851852,5586.0,3944.0,1104,1080,1.3855388482229474,0.14161870718958228,9530.0,True
5761,Zählfeld B_33.2_1_G (veraltet),9.890217,53.60187,2.6467391304347827,1.9305555555555556,2922.0,2085.0,1104,1080,1.370972786987801,0.13702883438227123,5007.0,True
5762,Zählfeld B_33.2_2_I (veraltet),9.890217,53.60187,28.644021739130434,18.956481481481482,31623.0,20473.0,1104,1080,1.5110410530093716,0.17927626371244484,52096.0,True
5763,Zählfeld B_45.3_1_G (veraltet),10.119637,53.60592,2.8378623188405796,3.074074074074074,3133.0,3320.0,1104,1080,0.9231600314300681,-0.034723006728561545,6453.0,True
5765,Zählfeld B_31.3_1_I (veraltet),9.971251,53.58233,72.1159420289855,49.40277777777778,79616.0,53355.0,1104,1080,1.4597548006991723,0.16427991219099505,132971.0,True
5766,Zählfeld B_31.3_2_G (veraltet),9.971251,53.58233,13.140398550724637,10.628703703703703,14507.0,11479.0,1104,1080,1.236312434426571,0.09212823725823484,25986.0,True
5767,Zählfeld B_34.1_1_I (veraltet),9.931616,53.628723,25.083333333333332,15.065740740740742,27692.0,16271.0,1104,1080,1.6649253272693747,0.22139475995519264,43963.0,True
5768,Zählfeld B_34.1_2_G (veraltet),9.931616,53.628723,4.1394927536231885,3.151851851851852,4570.0,3404.0,1104,1080,1.3133525775302712,0.11838133075106955,7974.0,True
5769,Zählfeld B_46.1_1_I (veraltet),10.094483,53.656406,18.495471014492754,10.312037037037037,20419.0,11137.0,1104,1080,1.793580739485694,0.2537209315689207,31556.0,True
5770,Zählfeld B_46.1_2_G (veraltet),10.094483,53.656406,1.5117753623188406,1.0527777777777778,1669.0,1137.0,1104,1080,1.435987151542962,0.15715055408528156,2806.0,True
5771,Zählfeld G_2.4_1_I (veraltet),9.967564,53.557423,96.48641304347827,60.20185185185185,106521.0,65018.0,1104,1080,1.602715034097581,0.20485631080042857,171539.0,True
5772,Zählfeld G_2.4_2_G (veraltet),9.967564,53.557423,0.6168478260869565,0.3416666666666667,681.0,369.0,1104,1080,1.8054082714740192,0.25657542784749443,1050.0,True
5773,Zählfeld B_39.8_1_I (veraltet),10.035666,53.574757,17.796195652173914,0.06111111111111111,19647.0,66.0,1104,1080,291.21047430830043,2.464206991700365,19713.0,True
5774,Zählfeld B_39.8_2_G (veraltet),10.035666,53.574757,3.0018115942028984,0.09444444444444444,3314.0,102.0,1104,1080,31.78388746803069,1.50220701441517,3416.0,True
5775,Zählfeld B_48.2_1_G (veraltet),10.186606,53.48963,3.2817028985507246,2.2796296296296297,3623.0,2462.0,1104,1080,1.4395772260092536,0.15823496753300892,6085.0,True
5776,Zählfeld B_48.2_2_I (veraltet),10.186606,53.48963,16.5625,9.80462962962963,18285.0,10589.0,1104,1080,1.6892529983945603,0.22769469846281493,28874.0,True
5777,Zählfeld A_39.2_1_I (veraltet),10.034096,53.57585,45.84239130434783,22.458333333333332,50610.0,24255.0,1104,1080,2.0412196499153024,0.30988974044047496,74865.0,True
5778,Zählfeld A_39.2_2_G (veraltet),10.034096,53.57585,4.693840579710145,4.05462962962963,5182.0,4379.0,1104,1080,1.1576496519951944,0.06357714555145008,9561.0,True
5779,Zählfeld E_24.4_1_I (veraltet),9.81227,53.563923,15.881340579710145,9.272222222222222,17533.0,10014.0,1104,1080,1.7127868809753302,0.23370332783738496,27547.0,True
5780,Zählfeld E_24.4_2_G (veraltet),9.81227,53.563923,0.8034420289855072,0.4638888888888889,887.0,501.0,1104,1080,1.7319708409268417,0.23854057605825021,1388.0,True
5781,Zählfeld B_35.2_1_G (veraltet),9.951065,53.61623,3.526268115942029,1.875925925925926,3893.0,2026.0,1104,1080,1.8797480578565602,0.27409964478766985,5919.0,True
5782,Zählfeld B_35.2_2_I (veraltet),9.951065,53.61623,38.93659420289855,23.699074074074073,42986.0,25595.0,1104,1080,1.6429584582586612,0.2156265825603719,68581.0,True
5785,Zählfeld J_31.4_1_I (veraltet),9.970928,53.581524,56.647644927536234,37.818518518518516,62539.0,40844.0,1104,1080,1.4978811213823116,0.1754773471576046,103383.0,True
5786,Zählfeld J_31.4_2_I (veraltet),9.970928,53.581524,54.76177536231884,37.227777777777774,60457.0,40206.0,1104,1080,1.4709923243124001,0.16761040657017687,100663.0,True
5787,Zählfeld X_44.1_1_I (veraltet),10.146441,53.595352,5.158514492753623,2.3435185185185183,5695.0,2531.0,1104,1080,2.2011835844227234,0.34265626535063454,8226.0,True
5788,Zählfeld X_44.1_2_I (veraltet),10.146441,53.595352,4.945652173913044,3.1907407407407407,5460.0,3446.0,1104,1080,1.550001261702289,0.1903320516864972,8906.0,True
5791,Zählfeld H_30.1_1_I (veraltet),9.99935,53.580128,176.44021739130434,90.48425925925926,194790.0,97723.0,1104,1080,1.9499548190559919,0.2900245487666259,292513.0,True
5792,Zählfeld H_30.1_2_G (veraltet),9.999404,53.580128,1.0144927536231885,0.7342592592592593,1120.0,793.0,1104,1080,1.3816546959811393,0.1403995174463474,1913.0,True
5793,Zählfeld H_30.2_1_G (veraltet),9.99935,53.580128,72.56159420289855,2.3222222222222224,80108.0,2508.0,1104,1080,31.246619513209897,1.4948030390825726,82616.0,True
5794,Zählfeld H_30.2_2_I (veraltet),9.999377,53.580128,162.77717391304347,66.71851851851852,179706.0,72056.0,1104,1080,2.4397600175708747,0.3873471098754478,251762.0,True
5795,Zählfeld A_29.1_1_I (veraltet),9.97035,53.575794,86.39583333333333,57.52962962962963,95381.0,62132.0,1104,1080,1.50176237687504,0.1766012199011528,157513.0,True
5796,Zählfeld A_29.1_2_I (veraltet),9.97035,53.575794,95.31159420289855,62.61018518518519,105224.0,67619.0,1104,1080,1.5223017456503414,0.18250074539265054,172843.0,True
5797,Zählfeld G_32.2_1_G (veraltet),9.95375,53.57567,2.1322463768115942,1.9833333333333334,2354.0,2142.0,1104,1080,1.0750822067957617,0.03144167410534863,4496.0,True
5798,Zählfeld G_32.2_2_I (veraltet),9.95375,53.57567,57.69836956521739,40.98240740740741,63699.0,44261.0,1104,1080,1.4078814109585138,0.14856607473836636,107960.0,True
5799,Zählfeld G_32.1_1_I (veraltet),9.953787,53.57574,56.022644927536234,39.589814814814815,61849.0,42757.0,1104,1080,1.4150772159351481,0.15078013847486932,104606.0,True
5800,Zählfeld G_32.1_2_G (veraltet),9.953787,53.57574,2.141304347826087,1.451851851851852,2364.0,1568.0,1104,1080,1.4748779946761312,0.1687560959545677,3932.0,True
5822,Zählfeld G_40.2_1_I (veraltet),10.042891,53.598804,18.783514492753625,13.975925925925926,20737.0,15094.0,1104,1080,1.3439907017473112,0.12839626410932212,35831.0,True
5823,Zählfeld G_40.2_2_G (veraltet),10.042891,53.598804,0.06884057971014493,0.06666666666666667,76.0,72.0,1104,1080,1.0326086956521738,0.013935777943292465,148.0,True
5824,Zählfeld A_1.3_1_G (veraltet),9.990172,53.55968,1.9701086956521738,1.2212962962962963,2175.0,1319.0,1104,1080,1.6131291821867686,0.20766914783806042,3494.0,True
5825,Zählfeld A_1.3_2_I (veraltet),9.990172,53.55968,83.80434782608695,55.72037037037037,92520.0,60178.0,1104,1080,1.5040163457106237,0.1772525562113091,152698.0,True
5826,Zählfeld D_40.4_1_G (veraltet),10.042236,53.598213,0.08152173913043478,0.044444444444444446,90.0,48.0,1104,1080,1.8342391304347825,0.2634559541575072,138.0,True
5827,Zählfeld D_40.4_2_I (veraltet),10.042236,53.598213,27.592391304347824,15.274074074074074,30462.0,16496.0,1104,1080,1.8064853666765064,0.2568344479425769,46958.0,True
5828,Zählfeld A_25.2_1_G (veraltet),9.996308,53.558098,0.769927536231884,0.3453703703703704,850.0,373.0,1104,1080,2.22928080195827,0.34816477599937473,1223.0,True
5829,Zählfeld A_25.2_2_I (veraltet),9.996308,53.558098,46.73641304347826,37.769444444444446,51597.0,40791.0,1104,1080,1.23741330408562,0.09251478103900937,92388.0,True
5830,Zählfeld D_40.5_1_I (veraltet),10.042127,53.59801,26.55163043478261,15.348148148148148,29313.0,16576.0,1104,1080,1.7299566161658553,0.2380352120328286,45889.0,True
5831,Zählfeld D_40.5_2_G (veraltet),10.042127,53.59801,0.12047101449275362,0.10185185185185185,133.0,110.0,1104,1080,1.1828063241106719,0.07291363790263033,243.0,True
5833,Zählfeld D_6.2_2_G (veraltet),9.966496,53.5413,,0.049074074074074076,,53.0,0,1080,,,53.0,False
5834,Zählfeld A_43.1_1_G (veraltet),10.064118,53.57115,3.585144927536232,2.3518518518518516,3958.0,2540.0,1104,1080,1.5243923313933585,0.18309675534420902,6498.0,True
5835,Zählfeld A_43.1_2_I (veraltet),10.064118,53.57115,36.28532608695652,24.46759259259259,40059.0,26425.0,1104,1080,1.4829953518983177,0.17113978983615313,66484.0,True
5836,Zählfeld A_43.2_1_I (veraltet),10.065,53.57146,62.10054347826087,34.314990512333964,68559.0,36168.0,1104,1054,1.8097205492724773,0.25761151780910707,104727.0,True
5837,Zählfeld A_43.2_2_G (veraltet),10.065,53.57146,19.455615942028984,10.043643263757115,21479.0,10586.0,1104,1054,1.9371074251746223,0.28715370583366634,32065.0,True
5838,Zählfeld G_46.4_1_I (veraltet),10.094027,53.656773,8.759057971014492,10.76574074074074,9670.0,11627.0,1104,1080,0.8136047655195365,-0.08958651628888008,21297.0,True
5839,Zählfeld G_46.4_2_G (veraltet),10.094027,53.656773,0.36231884057971014,0.275,400.0,297.0,1104,1080,1.3175230566534912,0.11975822410451957,697.0,True
5840,Zählfeld B_33.1_1_I (veraltet),9.891808,53.602936,30.83514492753623,13.546296296296296,34042.0,14630.0,1104,1080,2.2762786412672,0.3572254233459941,48672.0,True
5842,Zählfeld D_44.3_1_I (veraltet),10.146805,53.595016,11.17663043478261,5.562037037037037,12339.0,6007.0,1104,1080,2.009449120953091,0.3030770143752519,18346.0,True
5843,Zählfeld D_44.3_2_G (veraltet),10.146805,53.595016,0.1503623188405797,0.04722222222222222,166.0,51.0,1104,1080,3.184143222506394,0.5029925940358884,217.0,True
5844,Zählfeld D_44.4_1_G (veraltet),10.146732,53.594925,0.22735507246376813,0.12962962962962962,251.0,140.0,1104,1080,1.75388198757764,0.24400036789656976,391.0,True
5845,Zählfeld D_44.4_2_I (veraltet),10.146732,53.594925,12.640398550724637,6.708333333333333,13955.0,7245.0,1104,1080,1.8842830137726168,0.27514613311122604,21200.0,True
5846,Zählfeld A_50.4_1_I (veraltet),9.985738,53.456882,17.593297101449274,8.432407407407407,19423.0,9107.0,1104,1080,2.0863907839645566,0.31939565568421785,28530.0,True
5847,Zählfeld A_50.4_2_G (veraltet),9.985738,53.456882,7.109601449275362,2.988888888888889,7849.0,3228.0,1104,1080,2.3786770648133184,0.3763354851270376,11077.0,True
5848,Zählfeld E_24.5_1_G (veraltet),9.812422,53.56373,2.9356884057971016,2.047222222222222,3241.0,2211.0,1104,1080,1.4339861955046902,0.1565449705472657,5452.0,True
5849,Zählfeld E_24.5_2_I (veraltet),9.812422,53.56373,14.472826086956522,7.79074074074074,15978.0,8414.0,1104,1080,1.8576957658560784,0.2689745912353769,24392.0,True
5850,Zählfeld B_50.3_1_I (veraltet),9.985666,53.45643,29.30072463768116,22.993518518518517,32348.0,24833.0,1104,1080,1.2743036527481841,0.10527292799897497,57181.0,True
5851,Zählfeld B_50.3_2_G (veraltet),9.985666,53.45643,16.307971014492754,16.30648148148148,18004.0,17611.0,1104,1080,1.0000913460707612,3.966928268617366e-05,35615.0,True
5852,Zählfeld G_46.3_1_G (veraltet),10.0939665,53.656464,1.1974637681159421,0.7972222222222223,1322.0,861.0,1104,1080,1.5020451446750493,0.17668298578973632,2183.0,True
5853,Zählfeld G_46.3_2_I (veraltet),10.0939665,53.656464,13.86322463768116,11.063888888888888,15305.0,11949.0,1104,1080,1.2530155334082898,0.09795645489813266,27254.0,True
5874,Zählfeld B_16.4_1_I (veraltet),10.018673,53.49202,5.141304347826087,2.4185185185185185,5676.0,2612.0,1104,1080,2.1258073107397295,0.3275238962761697,8288.0,True
5875,Zählfeld B_16.4_2_G (veraltet),10.018673,53.49202,4.730978260869565,2.490740740740741,5223.0,2690.0,1104,1080,1.8994262162598998,0.2786224279283553,7913.0,True
5876,Zählfeld A_1.2_1_I (veraltet),9.990132,53.55966,84.21557971014492,52.12777777777778,92974.0,56298.0,1104,1080,1.6155605187920798,0.20832323130145997,149272.0,True
5877,Zählfeld A_1.2_2_G (veraltet),9.990132,53.55966,2.0027173913043477,0.47129629629629627,2211.0,509.0,1104,1080,4.249380712394294,0.6283256423357247,2720.0,True
5878,Zählfeld D_6.1_1_G (veraltet),9.966544,53.541264,,0.05462962962962963,,59.0,0,1080,,,59.0,False
5879,Zählfeld D_6.1_2_I (veraltet),9.966544,53.541264,,14.35,,15498.0,0,1080,,,15498.0,False
5889,Zählfeld D_45.4_1_I (veraltet),10.118848,53.605583,14.34963768115942,6.548148148148148,15842.0,7072.0,1104,1080,2.191403944520952,0.3407224390425596,22914.0,True
5890,Zählfeld D_45.4_2_G (veraltet),10.118848,53.605583,0.051630434782608696,0.018518518518518517,57.0,20.0,1104,1080,2.7880434782608696,0.44529954210227984,77.0,True
5891,Zählfeld B_35.1_1_I (veraltet),9.950462,53.617043,39.397644927536234,24.199074074074073,43495.0,26135.0,1104,1080,1.628064148526464,0.21167151283954924,69630.0,True
5892,Zählfeld B_35.1_2_G (veraltet),9.950462,53.617043,1.5670289855072463,1.0555555555555556,1730.0,1140.0,1104,1080,1.484553775743707,0.17159593388609243,2870.0,True
5893,Zählfeld B_31.6_1_I (veraltet),9.972512,53.581276,82.67572463768116,61.129629629629626,91274.0,66020.0,1104,1080,1.3524656559935724,0.1311262456071804,157294.0,True
5894,Zählfeld B_31.6_2_G (veraltet),9.972512,53.581276,15.667572463768115,13.431481481481482,17297.0,14506.0,1104,1080,1.1664813360588422,0.06687779438437833,31803.0,True
5895,Zählfeld G_40.8_1_G (veraltet),10.04128,53.59968,0.043478260869565216,0.032407407407407406,48.0,35.0,1104,1080,1.3416149068322982,0.12762787511908122,83.0,True
5896,Zählfeld G_40.8_2_I (veraltet),10.04128,53.59968,34.53260869565217,17.913888888888888,38124.0,19347.0,1104,1080,1.9277002838323434,0.2850395113115376,57471.0,True
5897,Zählfeld A_38.2_1_I (veraltet),10.010372,53.576862,56.208333333333336,31.20740740740741,62054.0,33704.0,1104,1080,1.8011215286019464,0.2555430173284566,95758.0,True
5898,Zählfeld A_38.2_2_G (veraltet),10.010372,53.576862,44.40489130434783,24.864814814814814,49023.0,26854.0,1104,1080,1.7858524841251082,0.25184558222533615,75877.0,True
5899,Zählfeld I_38.2_1_I (veraltet),10.010398,53.576874,3.414855072463768,1.9398148148148149,3770.0,2095.0,1104,1080,1.760402614921656,0.24561200499724833,5865.0,True
5900,Zählfeld I_38.2_2_G (veraltet),10.010398,53.576874,2.1567028985507246,0.6518518518518519,2381.0,704.0,1104,1080,3.3085783102766797,0.5196414183565372,3085.0,True
7648,Zählfeld J_52.1_1_I (veraltet),9.978648,53.461315,25.58786231884058,13.506481481481481,28249.0,14587.0,1104,1080,1.8944876468326473,0.2774917777662474,42836.0,True
7649,Zählfeld J_52.1_2_I (veraltet),9.978648,53.461315,26.381340579710145,13.97962962962963,29125.0,15098.0,1104,1080,1.887127290110409,0.27580119509237977,44223.0,True
7650,Zählfeld B_45.3_2_I (veraltet),10.119637,53.60592,17.482789855072465,11.49537037037037,19301.0,12415.0,1104,1080,1.5208548565024778,0.18208776893278097,31716.0,True
7758,Zählfeld B_41.4_1_G (veraltet),10.018459,53.649273,2.863224637681159,1.5953703703703703,3161.0,1723.0,1104,1080,1.7947084206010748,0.2539939004853208,4884.0,True
7759,Zählfeld B_41.4_2_I (veraltet),10.018459,53.649273,13.746376811594203,6.890740740740741,15176.0,7442.0,1104,1080,1.9949055303039156,0.2999223342888605,22618.0,True
7762,Zählfeld A_41.2_1_G (veraltet),10.017069,53.649292,6.779891304347826,7.037962962962963,7485.0,7601.0,1104,1080,0.9633314838436591,-0.01622424575958266,15086.0,True
7763,Zählfeld A_41.2_2_I (veraltet),10.017069,53.649292,22.482789855072465,15.683333333333334,24821.0,16938.0,1104,1080,1.4335466432564803,0.1564118281366049,41759.0,True
7764,Zählfeld A_41.7_1_G (veraltet),10.018023,53.65003,0.7083333333333334,0.2972222222222222,782.0,321.0,1104,1080,2.383177570093458,0.37715640274874557,1103.0,True
7765,Zählfeld A_41.7_2_I (veraltet),10.018023,53.65003,12.865036231884059,6.590740740740741,14203.0,7118.0,1104,1080,1.9519863909012058,0.29047678547354533,21321.0,True
7766,Zählfeld B_41.5_1_I (veraltet),10.018795,53.6495,19.64764492753623,11.046296296296296,21691.0,11930.0,1104,1080,1.7786635810342941,0.250093812773758,33621.0,True
7767,Zählfeld B_41.5_2_G (veraltet),10.018795,53.6495,7.053442028985507,3.946296296296296,7787.0,4262.0,1104,1080,1.7873574357823434,0.2522114114117346,12049.0,True
7768,Zählfeld B_41.1_1_I (veraltet),10.017052,53.64952,34.028985507246375,7.9037037037037035,37568.0,8536.0,1104,1080,4.305448025752821,0.6340183509088577,46104.0,True
7769,Zählfeld B_41.1_2_G (veraltet),10.017052,53.64952,8.36322463768116,4.799074074074074,9233.0,5183.0,1104,1080,1.7426746302712044,0.24121630881486056,14416.0,True
7770,Zählfeld B_41.3_1_I (veraltet),10.017859,53.648624,13.452898550724637,6.936111111111111,14852.0,7491.0,1104,1080,1.93954484511849,0.2876998255768807,22343.0,True
7771,Zählfeld B_41.3_2_I (veraltet),10.017859,53.648624,12.80072463768116,6.362037037037037,14132.0,6871.0,1104,1080,2.0120481165326227,0.30363836231566904,21003.0,True
8078,Zählfeld G_40.9_1_I (veraltet),10.041109,53.59975,17.6856884057971,17.05648148148148,19525.0,18421.0,1104,1080,1.0368896085044716,0.01573252208881043,37946.0,True
8079,Zählfeld G_40.9_2_G (veraltet),10.041109,53.59975,0.07789855072463768,0.019444444444444445,86.0,21.0,1104,1080,4.0062111801242235,0.602733838603418,107.0,True
8080,Zählfeld I_27.2_1_I (veraltet),9.9934,53.558292,32.969202898550726,17.985185185185184,36398.0,19424.0,1104,1080,1.8331311331566509,0.26319353335790896,55822.0,True
8081,Zählfeld I_27.2_2_G (veraltet),9.9934,53.558292,0.07789855072463768,0.03888888888888889,86.0,42.0,1104,1080,2.0031055900621118,0.30170384293943686,128.0,True
8082,Zählfeld B_28.1_1_I (veraltet),9.970655,53.567066,52.74184782608695,30.123148148148147,58227.0,32533.0,1104,1080,1.7508743630213601,0.24325498365960485,90760.0,True
8083,Zählfeld B_28.1_2_G (veraltet),9.970655,53.567066,8.01086956521739,4.622222222222222,8844.0,4992.0,1104,1080,1.7331208193979935,0.23882883932607837,13836.0,True
8089,Zählfeld B_50.1_1_G (veraltet),9.985025,53.45697,3.5046604527296936,1.5564814814814816,2632.0,1681.0,751,1080,2.25165573405596,0.35250198998522814,4313.0,True
8090,Zählfeld B_50.1_2_I (veraltet),9.985025,53.45697,40.03535811423391,10.249074074074073,44159.0,11069.0,1103,1080,3.9062414638515333,0.5917590856433564,55228.0,True
8091,Zählfeld B_31.1_1_G (veraltet),9.971326,53.58265,7.346920289855072,7.212962962962963,8111.0,7790.0,1104,1080,1.0185717475023721,0.00799162582210949,15901.0,True
8092,Zählfeld B_31.1_2_I (veraltet),9.971326,53.58265,60.468297101449274,45.169444444444444,66757.0,48783.0,1104,1080,1.3386991548196137,0.12668298919893178,115540.0,True
8093,Zählfeld B_39.1_1_G (veraltet),10.034798,53.57565,1.127717391304348,1.086111111111111,1245.0,1173.0,1104,1080,1.038307572556433,0.016326021409995606,2418.0,True
8094,Zählfeld B_39.1_2_I (veraltet),10.034798,53.57565,42.3731884057971,19.566666666666666,46780.0,21132.0,1104,1080,2.165580327383157,0.33557429755200213,67912.0,True
8095,Zählfeld B_39.7_1_G (veraltet),10.03613,53.574802,4.257246376811594,3.2203703703703703,4700.0,3478.0,1104,1080,1.3219741480611045,0.12122296236279338,8178.0,True
8096,Zählfeld B_39.7_2_I (veraltet),10.03613,53.574802,40.41757246376812,22.937037037037037,44621.0,24772.0,1104,1080,1.762109569710543,0.24603290977477177,69393.0,True
8097,Zählfeld B_11.2_1_I (veraltet),10.027118,53.533474,18.357789855072465,11.1,20267.0,11988.0,1104,1080,1.6538549418984203,0.21849741531584096,32255.0,True
8098,Zählfeld B_11.2_2_G (veraltet),10.027118,53.533474,3.550724637681159,0.9046296296296297,3920.0,977.0,1104,1080,3.9250589648880774,0.5938461853954538,4897.0,True
8099,Zählfeld G_40.7_1_I (veraltet),10.040752,53.598457,35.37409420289855,19.076851851851853,39053.0,20603.0,1104,1080,1.854294119260808,0.2681786209849331,59656.0,True
8100,Zählfeld G_40.7_2_G (veraltet),10.040752,53.598457,0.4329710144927536,0.1962962962962963,478.0,212.0,1104,1080,2.205701394585726,0.343546717777137,690.0,True
8101,Zählfeld B_34.2_1_G (veraltet),9.932345,53.628548,1.266304347826087,0.44166666666666665,1398.0,477.0,1104,1080,2.8671041837571782,0.45744347446331834,1875.0,True
8102,Zählfeld B_34.2_2_I (veraltet),9.932345,53.628548,17.86231884057971,10.97962962962963,19720.0,11858.0,1104,1080,1.626859870789854,0.21135014669001712,31578.0,True
8103,Zählfeld H_2.5_1_G (veraltet),9.968303,53.557278,4.072463768115942,2.789814814814815,4496.0,3013.0,1104,1080,1.4597613241172311,0.16428185298141715,7509.0,True
8104,Zählfeld H_2.5_2_I (veraltet),9.968303,53.557278,97.26721014492753,63.721296296296295,107383.0,68819.0,1104,1080,1.526447448473848,0.18368185728801587,176202.0,True
8111,Zählfeld D_41.6_1_I (veraltet),10.017726,53.65035,10.41213768115942,5.87962962962963,11495.0,6350.0,1104,1080,1.7708832591578225,0.24818993240709175,17845.0,True
8112,Zählfeld D_41.6_2_G (veraltet),10.017726,53.65035,0.09601449275362318,0.041666666666666664,106.0,45.0,1104,1080,2.3043478260869565,0.36254803358319615,151.0,True
8113,Zählfeld B_16.5_1_G (veraltet),10.014733,53.492153,4.511775362318841,2.317096466093601,4981.0,2426.0,1104,1047,1.9471676852216926,0.28940335348749147,7407.0,True
8114,Zählfeld B_16.5_2_I (veraltet),10.014733,53.492153,7.96286231884058,4.93505253104107,8791.0,5167.0,1104,1047,1.6135314201327826,0.2077774267944188,13958.0,True
8115,Zählfeld B_46.7_1_I (veraltet),10.093248,53.656044,21.253623188405797,13.165740740740741,23464.0,14219.0,1104,1080,1.6143127536028032,0.20798767784925273,37683.0,True
8116,Zählfeld B_46.7_2_G (veraltet),10.093248,53.656044,6.921195652173913,3.914814814814815,7641.0,4228.0,1104,1080,1.7679496935543582,0.2474699031416585,11869.0,True
8117,Zählfeld B_46.2_1_G (veraltet),10.094338,53.656216,3.3405797101449277,1.8009259259259258,3688.0,1945.0,1104,1080,1.8549234380239188,0.26832598881363484,5633.0,True
8118,Zählfeld B_46.2_2_I (veraltet),10.094338,53.656216,16.73641304347826,10.87037037037037,18477.0,11740.0,1104,1080,1.5396359528923784,0.1874180439920907,30217.0,True
8381,Zählfeld J_2.3_1_I (veraltet),9.967125,53.55829,17.104166666666668,11.443518518518518,18883.0,12359.0,1104,1080,1.4946597621166762,0.1745423429934915,31242.0,True
8382,Zählfeld J_2.3_2_G (veraltet),9.967125,53.55829,11.229166666666666,9.375925925925927,12397.0,10126.0,1104,1080,1.197659490420699,0.07833336024727898,22523.0,True
8383,Zählfeld B_39.4_1_G (veraltet),10.035141,53.574554,2.9628623188405796,2.275,3271.0,2457.0,1104,1080,1.3023570632266284,0.1147300697386703,5728.0,True
8384,Zählfeld B_39.4_2_I (veraltet),10.035141,53.574554,60.37952898550725,36.51851851851852,66659.0,39440.0,1104,1080,1.6533948099479672,0.21837657003150343,106099.0,True
8385,Zählfeld B_9.5_1_G (veraltet),10.108677,53.53713,0.8985507246376812,0.8111111111111111,992.0,876.0,1104,1080,1.1078022632519358,0.04446224807986757,1868.0,True
8386,Zählfeld B_9.5_2_I (veraltet),10.108677,53.53713,3.2092391304347827,2.15,3543.0,2322.0,1104,1080,1.4926693629929222,0.1739636190243918,5865.0,True
8387,Zählfeld B_10.1_1_I (veraltet),10.068029,53.528885,9.273550724637682,4.613888888888889,10238.0,4983.0,1104,1080,2.009920686857053,0.3031789201369393,15221.0,True
8388,Zählfeld B_10.1_2_G (veraltet),10.068029,53.528885,2.461050724637681,1.4925925925925927,2717.0,1612.0,1104,1080,1.6488429172510517,0.2171792830425885,4329.0,True
8389,Zählfeld B_10.2_1_G (veraltet),10.068147,53.528934,1.7418478260869565,0.7398148148148148,1923.0,799.0,1104,1080,2.354437612232682,0.37188718701825807,2722.0,True
8390,Zählfeld B_10.2_2_I (veraltet),10.068147,53.528934,8.164855072463768,2.973148148148148,9014.0,3211.0,1104,1080,2.7461985295113265,0.4387319302622258,12225.0,True
8392,Zählfeld J_53.2_1_I (veraltet),9.949541,53.555794,85.01902173913044,64.88888888888889,93861.0,70080.0,1104,1080,1.310224650089339,0.11734576583097979,163941.0,True
8393,Zählfeld J_53.2_2_I (veraltet),9.949541,53.555794,76.1322463768116,56.96296296296296,84050.0,61520.0,1104,1080,1.3365218804771866,0.12597607307588476,145570.0,True
8398,Zählfeld D_57.1_1_I (veraltet),9.966551,53.549988,39.486140724946694,23.235185185185184,37038.0,25094.0,938,1080,1.6994114921073735,0.23029855080179565,62132.0,True
8402,Zählfeld B_39.3_1_I (veraltet),10.034502,53.574757,101.17572463768116,58.46296296296296,111698.0,63140.0,1104,1080,1.7305952266185565,0.23819550149615248,174838.0,True
8403,Zählfeld B_39.3_2_G (veraltet),10.034502,53.574757,29.742753623188406,17.512962962962963,32836.0,18914.0,1104,1080,1.6983279006578977,0.23002154438741243,51750.0,True
8407,Zählfeld D_57.2_2_I (veraltet),9.966789,53.549885,53.64402173913044,28.664814814814815,59223.0,30958.0,1104,1080,1.8714239769449212,0.2721721894178875,90181.0,True
8408,Zählfeld B_49.1_1_I (veraltet),9.993821,53.471233,40.344202898550726,0.08258928571428571,44540.0,74.0,1104,896,488.4919702311007,2.688857429235988,44614.0,True
8409,Zählfeld B_49.1_2_I (veraltet),9.993821,53.471233,37.955615942028984,0.10044642857142858,41903.0,90.0,1104,896,377.8692431561997,2.577341543753083,41993.0,True
8410,Zählfeld J_79.1_1_I (veraltet),9.986991,53.56458,32.48007246376812,14.131481481481481,35858.0,15262.0,1104,1080,2.298419490294166,0.36142929575943833,51120.0,True
8411,Zählfeld J_79.1_2_I (veraltet),9.986991,53.56458,26.458333333333332,16.54259259259259,29210.0,17866.0,1104,1080,1.5994066942796374,0.2039589094145332,47076.0,True
8412,Zählfeld J_63.1_1_I (veraltet),9.958068,53.570705,34.41032608695652,23.785185185185185,37989.0,25688.0,1104,1080,1.4467125573774933,0.16038225112905657,63677.0,True
8413,Zählfeld J_63.1_2_I (veraltet),9.958068,53.570705,24.740942028985508,18.232407407407408,27314.0,19691.0,1104,1080,1.3569761510997078,0.13257221498706792,47005.0,True
8415,Zählfeld D_72.1_2_I (veraltet),9.973623,53.56959,23.871866295264624,1.7333333333333334,17140.0,1872.0,718,1080,13.772230554960359,1.1390042844297423,19012.0,True
8417,Zählfeld D_73.1_2_I (veraltet),9.950951,53.631294,22.655797101449274,14.989814814814816,25012.0,16189.0,1104,1080,1.5114127413407383,0.17938307903740752,41201.0,True
8418,Zählfeld D_73.2_1_I (veraltet),9.950859,53.631317,22.61413043478261,14.968518518518518,24966.0,16166.0,1104,1080,1.5107794673738226,0.17920107380782838,41132.0,True
8420,Zählfeld J_77.1_1_I (veraltet),9.941992,53.598267,17.96286231884058,10.008333333333333,19831.0,10809.0,1104,1080,1.7947905730731637,0.25401377978623274,30640.0,True
8421,Zählfeld J_77.1_2_I (veraltet),9.941992,53.598267,15.78804347826087,9.16388888888889,17430.0,9897.0,1104,1080,1.722854092808097,0.2362484989387564,27327.0,True
8423,Zählfeld B_46.6_1_G (veraltet),10.093074,53.656124,1.828804347826087,1.237037037037037,2019.0,1336.0,1104,1080,1.4783747721947411,0.16978454289788208,3355.0,True
8424,Zählfeld B_46.6_2_I (veraltet),10.093074,53.656124,17.871376811594203,11.819444444444445,19730.0,12765.0,1104,1080,1.5120318806519184,0.17956094820569166,32495.0,True
8433,Zählfeld B_66.1_1_G (veraltet),9.962568,53.5589,6.767210144927536,3.658333333333333,7471.0,3951.0,1104,1080,1.8498068733287116,0.26712638882146444,11422.0,True
8434,Zählfeld B_66.1_2_I (veraltet),9.962568,53.5589,61.391304347826086,37.53333333333333,67776.0,40536.0,1104,1080,1.6356475403506063,0.2136897249025271,108312.0,True
8439,Zählfeld J_76.1_1_I (veraltet),9.958361,53.59833,34.83876811594203,22.339814814814815,38462.0,24127.0,1104,1080,1.5594922520502918,0.1929832214143148,62589.0,True
8440,Zählfeld J_76.1_2_I (veraltet),9.958361,53.59833,33.530797101449274,20.766666666666666,37018.0,22428.0,1104,1080,1.6146451252704306,0.2080770857555285,59446.0,True
8441,Zählfeld D_59.1_2_I (veraltet),9.939543,53.579906,39.51992753623188,25.875925925925927,43630.0,27946.0,1104,1080,1.5272855413701578,0.18392024036246196,71576.0,True
8442,Zählfeld I_72.2_1_I (veraltet),9.973194,53.569805,,12.500653594771242,,9563.0,0,765,,,9563.0,False
8444,Zählfeld J_81.1_1_I (veraltet),9.931996,53.583733,27.62849162011173,18.939814814814813,29673.0,20455.0,1074,1080,1.4587519408321032,0.16398144687149824,50128.0,True
8445,Zählfeld J_81.1_2_I (veraltet),9.931996,53.583733,28.604283054003723,19.724074074074075,30721.0,21302.0,1074,1080,1.4502218429407576,0.16143444209401026,52023.0,True
8446,Zählfeld J_60.1_2_I (veraltet),10.02577,53.633053,13.459239130434783,6.488888888888889,14859.0,7008.0,1104,1080,2.0741978111971413,0.3168501716358638,21867.0,True
8451,Zählfeld D_80.2_2_I (veraltet),9.995727,53.58369,65.5625,36.179245283018865,72381.0,38350.0,1104,1060,1.8121577574967407,0.2581960025174036,110731.0,True
8452,Zählfeld D_42.1_2_I (veraltet),10.0457,53.5645,18.57336956521739,9.925925925925926,20505.0,10720.0,1104,1080,1.8711976800778716,0.2721196703605219,31225.0,True
8453,Zählfeld D_42.2_1_I (veraltet),10.0457,53.5645,19.740942028985508,10.287037037037036,21794.0,11110.0,1104,1080,1.9190114663640279,0.2830775697139746,32904.0,True
8455,Zählfeld J_60.1_1_I (veraltet),10.02577,53.633053,8.817028985507246,4.4527777777777775,9734.0,4809.0,1104,1080,1.9801187989910223,0.29669124692744997,14543.0,True
8457,Zählfeld B_85.1_1_I (veraltet),9.965094,53.598476,33.54347826086956,23.230555555555554,37032.0,25089.0,1104,1080,1.443937842151506,0.15954849836407145,62121.0,True
8458,Zählfeld B_85.1_2_G (veraltet),9.965094,53.598476,3.5760869565217392,2.7907407407407407,3948.0,3014.0,1104,1080,1.2814113845532442,0.1076885781127557,6962.0,True
8459,Zählfeld D_58.2_1_I (veraltet),10.075018,53.588627,8.263586956521738,5.819444444444445,9123.0,6285.0,1104,1080,1.4199958493307043,0.15228707493558757,15408.0,True
8460,Zählfeld B_85.2_1_G (veraltet),9.965578,53.598167,2.306159420289855,1.2074074074074075,2546.0,1304.0,1104,1080,1.910009335822886,0.28103549001550476,3850.0,True
8461,Zählfeld B_85.2_2_I (veraltet),9.965578,53.598167,35.483695652173914,19.086111111111112,39174.0,20613.0,1104,1080,1.859137015686597,0.26931139782130564,59787.0,True
8483,Zählfeld A_64.1_1_I (veraltet),9.98614,53.466305,15.833333333333334,8.05462962962963,17480.0,8699.0,1104,1080,1.965743188872284,0.29352677954862366,26179.0,True
8484,Zählfeld A_64.1_2_I (veraltet),9.98614,53.466305,12.0625,5.372222222222222,13317.0,5802.0,1104,1080,2.2453464322647365,0.35128335737215344,19119.0,True
8485,Zählfeld D_19.2_2_I (veraltet),9.935977,53.555794,102.50452898550725,74.61851851851851,113165.0,80588.0,1104,1080,1.3737143408987422,0.13789643209076055,193753.0,True
8486,Zählfeld B_17.2_1_I (veraltet),9.999823,53.49937,31.66213768115942,15.637037037037038,34955.0,16888.0,1104,1080,2.02481695260849,0.3063857682591964,51843.0,True
8487,Zählfeld B_17.2_2_I (veraltet),9.999823,53.49937,27.559782608695652,14.737962962962962,30426.0,15917.0,1104,1080,1.8699858778281904,0.27183832674802394,46343.0,True
9305,Zählfeld B_78.1_1_I (veraltet),9.976401,53.56332,64.91213768115942,40.303703703703704,71663.0,43528.0,1104,1080,1.610575002197486,0.20698095410575482,115191.0,True
9306,Zählfeld B_78.1_2_G (veraltet),9.976401,53.56332,8.24909420289855,5.909259259259259,9107.0,6382.0,1104,1080,1.395960786451024,0.14487321881212106,15489.0,True
9307,Zählfeld D_56.2_2_I (veraltet),9.998946,53.55431,64.47101449275362,39.449074074074076,71176.0,42605.0,1104,1080,1.6342846063178949,0.21332769001168977,113781.0,True
9310,Zählfeld D_61.1_1_I (veraltet),10.013833,53.55439,27.36322463768116,10.258333333333333,30209.0,11079.0,1104,1080,2.6674142619997885,0.42609046890670393,41288.0,True
9311,Zählfeld D_61.2_2_I (veraltet),10.014211,53.554237,24.003623188405797,10.176851851851852,26500.0,10991.0,1104,1080,2.358649171456488,0.372663348163549,37491.0,True
9312,Zählfeld D_74.1_2_I (veraltet),9.93233,53.59752,32.71739130434783,25.123148148148147,36120.0,27133.0,1104,1080,1.302280713842762,0.11470460891151703,63253.0,True
9313,Zählfeld B_78.2_1_G (veraltet),9.976616,53.563168,12.491847826086957,12.012037037037038,13791.0,12973.0,1104,1080,1.0399441649713954,0.017010022475921274,26764.0,True
9314,Zählfeld B_78.2_2_I (veraltet),9.976616,53.563168,78.79528985507247,54.169444444444444,86990.0,58503.0,1104,1080,1.454607678981903,0.16274587591427173,145493.0,True
9315,Zählfeld B_9.2_1_I (veraltet),10.1073885,53.53753,4.271739130434782,2.4055555555555554,4716.0,2598.0,1104,1080,1.7757807008735815,0.249389331779812,7314.0,True
9316,Zählfeld B_9.2_2_G (veraltet),10.1073885,53.53753,1.0742753623188406,0.4101851851851852,1186.0,443.0,1104,1080,2.6190008833055254,0.41813564489894384,1629.0,True
9317,Zählfeld B_69.1_1_G (veraltet),10.015099,53.522278,6.916666666666667,3.452777777777778,7636.0,3729.0,1104,1080,2.003218020917136,0.3017282184540916,11365.0,True
9318,Zählfeld B_69.1_2_I (veraltet),10.015099,53.522278,13.93840579710145,5.819444444444445,15388.0,6285.0,1104,1080,2.395143716924354,0.37933157770657094,21673.0,True
9319,Zählfeld D_68.2_2_I (veraltet),10.206972,53.49475,12.08876811594203,6.152777777777778,13346.0,6645.0,1104,1080,1.964765924035725,0.29331081732977127,19991.0,True
9320,Zählfeld D_68.1_1_I (veraltet),10.2065,53.494804,12.358695652173912,7.200925925925926,13644.0,7777.0,1104,1080,1.7162647941812814,0.23458429387400476,21421.0,True
9334,Zählfeld B_69.2_1_I (veraltet),10.01488,53.52147,38.755434782608695,15.58611111111111,42786.0,16833.0,1104,1080,2.4865365392513152,0.3955948455021363,59619.0,True
9335,Zählfeld B_69.2_2_G (veraltet),10.01488,53.52147,31.243659420289855,13.499074074074073,34493.0,14579.0,1104,1080,2.3145038873662833,0.3644579145464848,49072.0,True
9348,Zählfeld A_70.1_1_I (veraltet),10.029905,53.602894,33.30978260869565,18.54074074074074,36774.0,20024.0,1104,1080,1.79657237402074,0.25444471722935635,56798.0,True
9349,Zählfeld A_70.1_2_I (veraltet),10.029905,53.602894,38.09239130434783,20.798148148148147,42054.0,22462.0,1104,1080,1.8315280299481638,0.2628135695518411,64516.0,True
9362,Zählfeld D_9.6_1_I (veraltet),10.109475,53.536545,5.848731884057971,2.45,6457.0,2646.0,1104,1080,2.387237503697131,0.3778956286481269,9103.0,True
9363,Zählfeld B_13.1_1_I (veraltet),10.029028,53.536667,62.94655797101449,17.621296296296297,69493.0,19031.0,1104,1080,3.5721865697386184,0.5529341333329699,88524.0,True
9364,Zählfeld B_13.1_2_I (veraltet),10.029028,53.536667,60.67844202898551,17.182407407407407,66989.0,18557.0,1104,1080,3.5314284308511263,0.5479504091143309,85546.0,True
9365,Zählfeld B_3.1_1_I (veraltet),9.974444,53.54972,80.41394927536231,40.507407407407406,88777.0,43748.0,1104,1080,1.985166526867315,0.2977969436765165,132525.0,True
9366,Zählfeld B_3.1_2_G (veraltet),9.974444,53.54972,9.494565217391305,4.761111111111111,10482.0,5142.0,1104,1080,1.9941910608289788,0.29976676515350237,15624.0,True
9367,Zählfeld B_3.2_1_G (veraltet),9.973709,53.549496,12.127717391304348,6.718518518518518,13389.0,7256.0,1104,1080,1.8051178035568765,0.2565055496019226,20645.0,True
9368,Zählfeld B_3.2_2_I (veraltet),9.973709,53.549496,96.41666666666667,52.43333333333333,106444.0,56628.0,1104,1080,1.8388429752066118,0.26454464500050034,163072.0,True
9369,Zählfeld B_8.1_1_I (veraltet),10.038101,53.55562,52.55072463768116,26.541666666666668,58016.0,28665.0,1104,1080,1.9799331103678928,0.2966505183984901,86681.0,True
9370,Zählfeld B_8.1_2_I (veraltet),10.038101,53.55562,51.942934782608695,26.675925925925927,57345.0,28810.0,1104,1080,1.9471839488100446,0.28940698088806593,86155.0,True
9371,Zählfeld D_24.2_1_I (veraltet),9.811921,53.563324,10.247282608695652,5.49537037037037,11313.0,5935.0,1104,1080,1.8647119153144573,0.2706117459284422,17248.0,True
9372,Zählfeld I_24.3_2_I (veraltet),9.811806,53.563194,12.728260869565217,4.594444444444444,14052.0,4962.0,1104,1080,2.770359076809842,0.4425360632775673,19014.0,True
9373,Zählfeld J_24.6_1_I (veraltet),9.812148,53.562725,20.333333333333332,10.312962962962963,22448.0,11138.0,1104,1080,1.9716286586460763,0.294825122224314,33586.0,True
9374,Zählfeld J_24.6_2_I (veraltet),9.812148,53.562725,17.092391304347824,8.85925925925926,18870.0,9568.0,1104,1080,1.9293251054238765,0.2854054156143653,28438.0,True
9375,Zählfeld A_54.1_1_I (veraltet),9.898177,53.553387,38.33605072463768,22.496296296296297,42323.0,24296.0,1104,1080,1.7041049877596597,0.23149634759037313,66619.0,True
9376,Zählfeld A_54.1_2_I (veraltet),9.898177,53.553387,38.93659420289855,24.85925925925926,42986.0,26848.0,1104,1080,1.5662813520236303,0.1948697772980298,69834.0,True
9377,Zählfeld B_62.1_1_I (veraltet),10.158565,53.49073,5.509057971014493,2.8425925925925926,6082.0,3070.0,1104,1080,1.9380399376858803,0.2873627224246965,9152.0,True
9378,Zählfeld B_62.1_2_I (veraltet),10.158565,53.49073,6.480072463768116,2.814814814814815,7154.0,3040.0,1104,1080,2.3021310068649887,0.36213003429796664,10194.0,True
9391,Zählfeld D_26.2_1_I (veraltet),9.989417,53.561417,134.9003623188406,80.85092592592592,148930.0,87319.0,1104,1080,1.6685073272065398,0.22232811818792322,236249.0,True
9394,Zählfeld D_4.1_1_I (veraltet),9.971919,53.545544,69.66576086956522,26.72037037037037,76911.0,28858.0,1104,1080,2.6072153905028217,0.4161769111233662,105769.0,True
9395,Zählfeld D_4.2_2_I (veraltet),9.971936,53.54532,74.6784420289855,29.974074074074075,82445.0,32372.0,1104,1080,2.4914344925029144,0.39644947271577835,114817.0,True
9396,Zählfeld B_26.1_1_G (veraltet),9.990389,53.561306,7.622282608695652,4.419444444444444,8415.0,4773.0,1104,1080,1.7247151094471622,0.23671736803936835,13188.0,True
9397,Zählfeld B_26.1_2_I (veraltet),9.990389,53.561306,161.69927536231884,95.44722222222222,178516.0,103083.0,1104,1080,1.6941223809096004,0.2289447799226503,281599.0,True
9400,Zählfeld D_58.3_2_I (veraltet),10.075197,53.58872,14.118659420289855,7.5398148148148145,15587.0,8143.0,1104,1080,1.872547239827219,0.2724327827066179,23730.0,True
9404,Zählfeld B_65.2_1_G (veraltet),9.975668,53.460262,5.491847826086956,2.2712962962962964,6063.0,2453.0,1104,1080,2.4179354472783987,0.38344470212235027,8516.0,True
9405,Zählfeld B_65.2_2_I (veraltet),9.975668,53.460262,10.031702898550725,6.463888888888889,11075.0,6981.0,1104,1080,1.5519609125390035,0.19088077898248443,18056.0,True
9406,Zählfeld B_66.2_1_I (veraltet),9.961801,53.55905,58.99094202898551,39.117592592592594,65126.0,42247.0,1104,1080,1.5080412192890464,0.1784132122666003,107373.0,True
9407,Zählfeld B_66.2_2_G (veraltet),9.961801,53.55905,5.1231884057971016,3.0231481481481484,5656.0,3265.0,1104,1080,1.6946534389772954,0.22908089727151987,8921.0,True
9408,Zählfeld I_71.1_2_I (veraltet),9.997388,53.545395,33.39402173913044,17.62962962962963,36867.0,19040.0,1104,1080,1.8941987120935333,0.27742553698979733,55907.0,True
9409,Zählfeld D_80.1_1_I (veraltet),9.995139,53.583668,69.29076086956522,37.61281337047354,76497.0,40509.0,1104,1077,1.842211593880909,0.2653395111905093,117006.0,True
9434,Zählfeld D_21.2_1_G (veraltet),9.936657,53.550106,0.0661231884057971,0.05185185185185185,73.0,56.0,1104,1080,1.2752329192546585,0.10558951520802515,129.0,True
9435,Zählfeld D_21.2_2_I (veraltet),9.936657,53.550106,46.99184782608695,33.38425925925926,51879.0,36055.0,1104,1080,1.407604927254858,0.1484807783932269,87934.0,True
9436,Zählfeld G_59.2_1_I (veraltet),9.939639,53.579613,42.53713768115942,27.51388888888889,46961.0,29715.0,1104,1080,1.5460241862915085,0.18921628381954825,76676.0,True
9437,Zählfeld D_55.2_1_I (veraltet),9.947198,53.548843,35.35597826086956,18.043518518518518,39033.0,19487.0,1104,1080,1.9594835799116914,0.29214162852674014,58520.0,True
9438,Zählfeld I_31.2_1_I (veraltet),9.972362,53.582203,45.219202898550726,31.017592592592592,49922.0,33499.0,1104,1080,1.4578566264794408,0.163714815209299,83421.0,True
9439,Zählfeld I_31.2_2_I (veraltet),9.972362,53.582203,45.90489130434783,32.522222222222226,50679.0,35124.0,1104,1080,1.4114930705129156,0.1496787503926864,85803.0,True
9471,Zählfeld B_65.1_1_I (veraltet),9.975855,53.46037,17.528985507246375,8.72962962962963,19352.0,9428.0,1104,1080,2.0079873088487576,0.30276096359530674,28780.0,True
9472,Zählfeld B_65.1_2_G (veraltet),9.975855,53.46037,14.023550724637682,4.044444444444444,15482.0,4368.0,1104,1080,3.4673614429049215,0.5399991155177508,19850.0,True
9473,Zählfeld B_9.4_1_G (veraltet),10.109583,53.538,0.9239130434782609,0.4046296296296296,1020.0,437.0,1104,1080,2.2833548900606906,0.35857341688526534,1457.0,True
9474,Zählfeld B_9.4_2_I (veraltet),10.109583,53.538,2.2364130434782608,1.1787037037037038,2469.0,1273.0,1104,1080,1.8973496362580686,0.2781473683720464,3742.0,True
9483,Zählfeld I_19.1_1_I (veraltet),9.934159,53.555695,120.98460144927536,86.36666666666666,133567.0,93276.0,1104,1080,1.4008251808098267,0.1463839398918281,226843.0,True
9484,Zählfeld B_37.1_1_I (veraltet),10.018309,53.564808,73.83423913043478,46.355555555555554,81513.0,50064.0,1104,1080,1.5927808057859854,0.2021560134737366,131577.0,True
9485,Zählfeld B_37.1_2_G (veraltet),10.018309,53.564808,12.61413043478261,11.51574074074074,13926.0,12437.0,1104,1080,1.0953815927928936,0.03956543860514404,26363.0,True
9486,Zählfeld D_15.2_2_I (veraltet),10.024156,53.53503,2.369565217391304,1.500925925925926,2616.0,1621.0,1104,1080,1.5787356167690367,0.1983094068974843,4237.0,True
9491,Zählfeld I_71.2_1_I (veraltet),9.997188,53.545395,24.866847826086957,15.523148148148149,27453.0,16765.0,1104,1080,1.6019204087189927,0.20464093439937953,44218.0,True
9507,Zählfeld D_15.1_1_I (veraltet),10.023593,53.53475,5.403079710144928,2.1907407407407407,5965.0,2366.0,1104,1080,2.4663254805395276,0.39205038980821877,8331.0,True
9508,Zählfeld B_46.5_1_I (veraltet),10.092938,53.6564,17.04891304347826,12.578703703703704,18822.0,13585.0,1104,1080,1.3553791746011425,0.1320608084212487,32407.0,True
9509,Zählfeld B_46.5_2_G (veraltet),10.092938,53.6564,3.5778985507246377,2.5148148148148146,3950.0,2716.0,1104,1080,1.4227284369597235,0.1531220121117658,6666.0,True
9510,Zählfeld B_37.2_1_G (veraltet),10.018335,53.564533,4.423913043478261,2.4546296296296295,4884.0,2651.0,1104,1080,1.802273137290276,0.25582060963352105,7535.0,True
9511,Zählfeld B_37.2_2_I (veraltet),10.018335,53.564533,57.289855072463766,7.227777777777778,63248.0,7806.0,1104,1080,7.926344283661397,0.8990729321474351,71054.0,True
9512,Zählfeld D_74.2_1_I (veraltet),9.932612,53.59693,34.76902173913044,24.21851851851852,38385.0,26156.0,1104,1080,1.435637845169784,0.15704489834590976,64541.0,True
9527,Zählfeld D_56.1_1_I (veraltet),9.999764,53.55507,46.195445920303605,36.412213740458014,48690.0,38160.0,1054,1048,1.2686799613332855,0.10335208028501683,86850.0,True
9528,Zählfeld D_55.3_2_I (veraltet),9.947548,53.54874,29.519021739130434,16.262037037037036,32589.0,17563.0,1104,1080,1.8152105835142556,0.25892701502123877,50152.0,True
9529,Zählfeld I_86.1_2_I (veraltet),10.010613,53.559757,52.39673913043478,59.44300278035218,57846.0,64139.0,1104,1079,0.8814618488242587,-0.054796479965522886,121985.0,True
9530,Zählfeld A_27.3_1_G (veraltet),9.993779,53.558514,0.8134057971014492,0.15648148148148147,898.0,169.0,1104,1080,5.198096218163108,0.7158443141474005,1067.0,True
9531,Zählfeld A_27.3_2_I (veraltet),9.993779,53.558514,43.90307971014493,10.998148148148148,48469.0,11878.0,1104,1080,3.991861095046011,0.6011754207153858,60347.0,True
9535,Zählfeld K_87.1_1_I (veraltet),9.912326,53.56031,1.0763888888888888,10.117592592592592,155.0,10927.0,144,1080,0.10638784661846802,-0.9731079815146828,11082.0,True
9536,Zählfeld K_87.1_2_I (veraltet),9.912326,53.56031,0.7361111111111112,10.175,106.0,10989.0,144,1080,0.07234507234507234,-1.140591044727737,11095.0,True
9590,Zählfeld D_72.2_1_I (veraltet),9.973194,53.569805,34.92210144927536,,38554.0,,1104,0,,,38554.0,False
11871,Zählfeld J_6.1_2_I (veraltet),9.96656,53.541073,51.028985507246375,,56336.0,,1104,0,,,56336.0,False
11872,Zählfeld J_6.2_1_I (veraltet),9.96656,53.541008,46.87047101449275,,51745.0,,1104,0,,,51745.0,False
11882,Zählfeld D_6.2_1_I (veraltet),9.966496,53.5413,,18.900925925925925,,20413.0,0,1080,,,20413.0,False
11964,Zählfeld J_87.1_1_I (veraltet),9.912326,53.56031,1.0326086956521738,,190.0,,184,0,,,190.0,False
11965,Zählfeld J_87.1_2_I (veraltet),9.912326,53.56031,0.6521739130434783,,120.0,,184,0,,,120.0,False
