station_id,station_name,datastream_id,service_name,layer_name,resolution,longitude_wgs84,latitude_wgs84,n_observed_records,n_expected_records,is_complete_full_period
5677,Zählfeld J_36.1_1_I (veraltet),12170,HH_STA_HamburgerRadzaehlnetz,Anzahl_Fahrraeder_Zaehlfeld_5-Min,5-min,9.999514,53.580505,10176,10176,True
5678,Zählfeld J_36.1_2_I (veraltet),12173,HH_STA_HamburgerRadzaehlnetz,Anzahl_Fahrraeder_Zaehlfeld_5-Min,5-min,9.999549,53.580513,10176,10176,True
5679,Zählfeld B_39.5_1_I (veraltet),12176,HH_STA_HamburgerRadzaehlnetz,Anzahl_Fahrraeder_Zaehlfeld_5-Min,5-min,10.036357,53.57573,10176,10176,True
5680,Zählfeld B_39.5_2_G (veraltet),12179,HH_STA_HamburgerRadzaehlnetz,Anzahl_Fahrraeder_Zaehlfeld_5-Min,5-min,10.036357,53.57573,10176,10176,True
5683,Zählfeld G_40.1_1_G (veraltet),12188,HH_STA_HamburgerRadzaehlnetz,Anzahl_Fahrraeder_Zaehlfeld_5-Min,5-min,10.042909,53.5987,10176,10176,True
5684,Zählfeld G_40.1_2_I (veraltet),12191,HH_STA_HamburgerRadzaehlnetz,Anzahl_Fahrraeder_Zaehlfeld_5-Min,5-min,10.042909,53.5987,10176,10176,True
5685,Zählfeld B_39.6_1_G (veraltet),12194,HH_STA_HamburgerRadzaehlnetz,Anzahl_Fahrraeder_Zaehlfeld_5-Min,5-min,10.036151,53.57526,10176,10176,True
5686,Zählfeld B_39.6_2_I (veraltet),12197,HH_STA_HamburgerRadzaehlnetz,Anzahl_Fahrraeder_Zaehlfeld_5-Min,5-min,10.036151,53.57526,10176,10176,True
5689,Zählfeld B_28.6_1_G (veraltet),12206,HH_STA_HamburgerRadzaehlnetz,Anzahl_Fahrraeder_Zaehlfeld_5-Min,5-min,9.971825,53.566864,9669,10176,False
5690,Zählfeld B_28.6_2_I (veraltet),12209,HH_STA_HamburgerRadzaehlnetz,Anzahl_Fahrraeder_Zaehlfeld_5-Min,5-min,9.971825,53.566864,9669,10176,False
5692,Zählfeld E_38.1_2_I (veraltet),12215,HH_STA_HamburgerRadzaehlnetz,Anzahl_Fahrraeder_Zaehlfeld_5-Min,5-min,10.010535,53.576782,10063,10176,False
5693,Zählfeld G_40.6_1_G (veraltet),12218,HH_STA_HamburgerRadzaehlnetz,Anzahl_Fahrraeder_Zaehlfeld_5-Min,5-min,10.040742,53.598392,6733,10176,False
5694,Zählfeld G_40.6_2_I (veraltet),12221,HH_STA_HamburgerRadzaehlnetz,Anzahl_Fahrraeder_Zaehlfeld_5-Min,5-min,10.040742,53.598392,9989,10176,False
5695,Zählfeld J_47.1_1_I (veraltet),12224,HH_STA_HamburgerRadzaehlnetz,Anzahl_Fahrraeder_Zaehlfeld_5-Min,5-min,10.207702,53.491257,10176,10176,True
5696,Zählfeld J_47.1_2_I (veraltet),12227,HH_STA_HamburgerRadzaehlnetz,Anzahl_Fahrraeder_Zaehlfeld_5-Min,5-min,10.207702,53.491257,10176,10176,True
5697,Zählfeld B_9.1_1_G (veraltet),12230,HH_STA_HamburgerRadzaehlnetz,Anzahl_Fahrraeder_Zaehlfeld_5-Min,5-min,10.107728,53.537624,10176,10176,True
5698,Zählfeld B_9.1_2_I (veraltet),12233,HH_STA_HamburgerRadzaehlnetz,Anzahl_Fahrraeder_Zaehlfeld_5-Min,5-min,10.107728,53.537624,10176,10176,True
5699,Zählfeld B_9.3_1_I (veraltet),12236,HH_STA_HamburgerRadzaehlnetz,Anzahl_Fahrraeder_Zaehlfeld_5-Min,5-min,10.108598,53.537655,10176,10176,True
5700,Zählfeld B_9.3_2_G (veraltet),12239,HH_STA_HamburgerRadzaehlnetz,Anzahl_Fahrraeder_Zaehlfeld_5-Min,5-min,10.108598,53.537655,10176,10176,True
5701,Zählfeld B_46.8_1_G (veraltet),12242,HH_STA_HamburgerRadzaehlnetz,Anzahl_Fahrraeder_Zaehlfeld_5-Min,5-min,10.093715,53.655895,10020,10176,False
5702,Zählfeld B_46.8_2_I (veraltet),12245,HH_STA_HamburgerRadzaehlnetz,Anzahl_Fahrraeder_Zaehlfeld_5-Min,5-min,10.093715,53.655895,10020,10176,False
5703,Zählfeld A_22.1_1_I (veraltet),12248,HH_STA_HamburgerRadzaehlnetz,Anzahl_Fahrraeder_Zaehlfeld_5-Min,5-min,9.868756,53.571373,10176,10176,True
5704,Zählfeld A_22.1_2_G (veraltet),12251,HH_STA_HamburgerRadzaehlnetz,Anzahl_Fahrraeder_Zaehlfeld_5-Min,5-min,9.868756,53.571373,10176,10176,True
5705,Zählfeld B_31.5_1_G (veraltet),12254,HH_STA_HamburgerRadzaehlnetz,Anzahl_Fahrraeder_Zaehlfeld_5-Min,5-min,9.972654,53.581577,10176,10176,True
5706,Zählfeld B_31.5_2_I (veraltet),12257,HH_STA_HamburgerRadzaehlnetz,Anzahl_Fahrraeder_Zaehlfeld_5-Min,5-min,9.972654,53.581577,10176,10176,True
5707,Zählfeld D_50.5_1_G (veraltet),12260,HH_STA_HamburgerRadzaehlnetz,Anzahl_Fahrraeder_Zaehlfeld_5-Min,5-min,9.985782,53.456486,10176,10176,True
5708,Zählfeld D_50.5_2_I (veraltet),12263,HH_STA_HamburgerRadzaehlnetz,Anzahl_Fahrraeder_Zaehlfeld_5-Min,5-min,9.985782,53.456486,10176,10176,True
5709,Zählfeld C_22.2_1_G (veraltet),12266,HH_STA_HamburgerRadzaehlnetz,Anzahl_Fahrraeder_Zaehlfeld_5-Min,5-min,9.868201,53.571205,10176,10176,True
5710,Zählfeld C_22.2_2_I (veraltet),12269,HH_STA_HamburgerRadzaehlnetz,Anzahl_Fahrraeder_Zaehlfeld_5-Min,5-min,9.868201,53.571205,10176,10176,True
5711,Zählfeld D_22.2_1_G (veraltet),12272,HH_STA_HamburgerRadzaehlnetz,Anzahl_Fahrraeder_Zaehlfeld_5-Min,5-min,9.868206,53.57122,10176,10176,True
5713,Zählfeld B_16.1_1_I (veraltet),12278,HH_STA_HamburgerRadzaehlnetz,Anzahl_Fahrraeder_Zaehlfeld_5-Min,5-min,10.018952,53.490955,10117,10176,False
5714,Zählfeld B_16.1_2_G (veraltet),12281,HH_STA_HamburgerRadzaehlnetz,Anzahl_Fahrraeder_Zaehlfeld_5-Min,5-min,10.018952,53.490955,10117,10176,False
5715,Zählfeld B_50.6_1_I (veraltet),12284,HH_STA_HamburgerRadzaehlnetz,Anzahl_Fahrraeder_Zaehlfeld_5-Min,5-min,9.984691,53.456963,10104,10176,False
5716,Zählfeld B_50.6_2_G (veraltet),12287,HH_STA_HamburgerRadzaehlnetz,Anzahl_Fahrraeder_Zaehlfeld_5-Min,5-min,9.984691,53.456963,10104,10176,False
5717,Zählfeld A_50.2_1_G (veraltet),12290,HH_STA_HamburgerRadzaehlnetz,Anzahl_Fahrraeder_Zaehlfeld_5-Min,5-min,9.987232,53.456978,10176,10176,True
5718,Zählfeld A_50.2_2_I (veraltet),12293,HH_STA_HamburgerRadzaehlnetz,Anzahl_Fahrraeder_Zaehlfeld_5-Min,5-min,9.987232,53.456978,10176,10176,True
5719,Zählfeld D_2.2_1_I (veraltet),12296,HH_STA_HamburgerRadzaehlnetz,Anzahl_Fahrraeder_Zaehlfeld_5-Min,5-min,9.966833,53.55737,10176,10176,True
5721,Zählfeld B_16.6_1_I (veraltet),12302,HH_STA_HamburgerRadzaehlnetz,Anzahl_Fahrraeder_Zaehlfeld_5-Min,5-min,10.014789,53.491993,10176,10176,True
5722,Zählfeld B_16.6_2_G (veraltet),12305,HH_STA_HamburgerRadzaehlnetz,Anzahl_Fahrraeder_Zaehlfeld_5-Min,5-min,10.014789,53.491993,10176,10176,True
5727,Zählfeld A_25.1_1_I (veraltet),12320,HH_STA_HamburgerRadzaehlnetz,Anzahl_Fahrraeder_Zaehlfeld_5-Min,5-min,9.998648,53.557594,10176,10176,True
5728,Zählfeld A_25.1_2_G (veraltet),12323,HH_STA_HamburgerRadzaehlnetz,Anzahl_Fahrraeder_Zaehlfeld_5-Min,5-min,9.998648,53.557594,10176,10176,True
5729,Zählfeld J_27.1_1_I (veraltet),12326,HH_STA_HamburgerRadzaehlnetz,Anzahl_Fahrraeder_Zaehlfeld_5-Min,5-min,9.995789,53.559383,10176,10176,True
5730,Zählfeld J_27.1_2_G (veraltet),12329,HH_STA_HamburgerRadzaehlnetz,Anzahl_Fahrraeder_Zaehlfeld_5-Min,5-min,9.995789,53.559383,10176,10176,True
5732,Zählfeld B_27.2_2_G (veraltet),12335,HH_STA_HamburgerRadzaehlnetz,Anzahl_Fahrraeder_Zaehlfeld_5-Min,5-min,9.993346,53.55816,10176,10176,True
5733,Zählfeld H_29.4_1_I (veraltet),12338,HH_STA_HamburgerRadzaehlnetz,Anzahl_Fahrraeder_Zaehlfeld_5-Min,5-min,9.970359,53.576,10104,10176,False
5734,Zählfeld H_29.4_2_G (veraltet),12341,HH_STA_HamburgerRadzaehlnetz,Anzahl_Fahrraeder_Zaehlfeld_5-Min,5-min,9.970359,53.576,10104,10176,False
5735,Zählfeld H_29.2_1_G (veraltet),12344,HH_STA_HamburgerRadzaehlnetz,Anzahl_Fahrraeder_Zaehlfeld_5-Min,5-min,9.970477,53.57606,10104,10176,False
5736,Zählfeld H_29.2_2_I (veraltet),12347,HH_STA_HamburgerRadzaehlnetz,Anzahl_Fahrraeder_Zaehlfeld_5-Min,5-min,9.970477,53.57606,10104,10176,False
5739,Zählfeld J_16.3_1_G (veraltet),12356,HH_STA_HamburgerRadzaehlnetz,Anzahl_Fahrraeder_Zaehlfeld_5-Min,5-min,10.018706,53.491585,10176,10176,True
5740,Zählfeld J_16.3_2_I (veraltet),12359,HH_STA_HamburgerRadzaehlnetz,Anzahl_Fahrraeder_Zaehlfeld_5-Min,5-min,10.018706,53.491585,10176,10176,True
5741,Zählfeld B_11.1_1_G (veraltet),12362,HH_STA_HamburgerRadzaehlnetz,Anzahl_Fahrraeder_Zaehlfeld_5-Min,5-min,10.027673,53.53323,10176,10176,True
5742,Zählfeld B_11.1_2_I (veraltet),12365,HH_STA_HamburgerRadzaehlnetz,Anzahl_Fahrraeder_Zaehlfeld_5-Min,5-min,10.027673,53.53323,10176,10176,True
5743,Zählfeld B_48.1_1_I (veraltet),12368,HH_STA_HamburgerRadzaehlnetz,Anzahl_Fahrraeder_Zaehlfeld_5-Min,5-min,10.186197,53.48948,10176,10176,True
5744,Zählfeld B_48.1_2_G (veraltet),12371,HH_STA_HamburgerRadzaehlnetz,Anzahl_Fahrraeder_Zaehlfeld_5-Min,5-min,10.186197,53.48948,10176,10176,True
5745,Zählfeld J_37.3_1_I (veraltet),12374,HH_STA_HamburgerRadzaehlnetz,Anzahl_Fahrraeder_Zaehlfeld_5-Min,5-min,10.019996,53.566193,10176,10176,True
5746,Zählfeld J_37.3_2_I (veraltet),12377,HH_STA_HamburgerRadzaehlnetz,Anzahl_Fahrraeder_Zaehlfeld_5-Min,5-min,10.019996,53.566193,10176,10176,True
5747,Zählfeld H_21.3_1_I (veraltet),12380,HH_STA_HamburgerRadzaehlnetz,Anzahl_Fahrraeder_Zaehlfeld_5-Min,5-min,9.933929,53.550266,10176,10176,True
5748,Zählfeld H_21.3_2_G (veraltet),12383,HH_STA_HamburgerRadzaehlnetz,Anzahl_Fahrraeder_Zaehlfeld_5-Min,5-min,9.933929,53.550266,10176,10176,True
5749,Zählfeld H_21.4_1_G (veraltet),12386,HH_STA_HamburgerRadzaehlnetz,Anzahl_Fahrraeder_Zaehlfeld_5-Min,5-min,9.933929,53.550247,10176,10176,True
5750,Zählfeld H_21.4_2_I (veraltet),12389,HH_STA_HamburgerRadzaehlnetz,Anzahl_Fahrraeder_Zaehlfeld_5-Min,5-min,9.933929,53.550247,10176,10176,True
5755,Zählfeld B_21.1_1_I (veraltet),12404,HH_STA_HamburgerRadzaehlnetz,Anzahl_Fahrraeder_Zaehlfeld_5-Min,5-min,9.936625,53.55037,10176,10176,True
5756,Zählfeld B_21.1_2_G (veraltet),12407,HH_STA_HamburgerRadzaehlnetz,Anzahl_Fahrraeder_Zaehlfeld_5-Min,5-min,9.936625,53.55037,10176,10176,True
5757,Zählfeld J_42.7_1_I (veraltet),12410,HH_STA_HamburgerRadzaehlnetz,Anzahl_Fahrraeder_Zaehlfeld_5-Min,5-min,10.044535,53.563873,10176,10176,True
5758,Zählfeld J_42.7_2_I (veraltet),12413,HH_STA_HamburgerRadzaehlnetz,Anzahl_Fahrraeder_Zaehlfeld_5-Min,5-min,10.044535,53.563873,10176,10176,True
5759,Zählfeld B_16.2_1_G (veraltet),12416,HH_STA_HamburgerRadzaehlnetz,Anzahl_Fahrraeder_Zaehlfeld_5-Min,5-min,10.019236,53.490765,10176,10176,True
5760,Zählfeld B_16.2_2_I (veraltet),12419,HH_STA_HamburgerRadzaehlnetz,Anzahl_Fahrraeder_Zaehlfeld_5-Min,5-min,10.019236,53.490765,10176,10176,True
5761,Zählfeld B_33.2_1_G (veraltet),12422,HH_STA_HamburgerRadzaehlnetz,Anzahl_Fahrraeder_Zaehlfeld_5-Min,5-min,9.890217,53.60187,10172,10176,False
5762,Zählfeld B_33.2_2_I (veraltet),12425,HH_STA_HamburgerRadzaehlnetz,Anzahl_Fahrraeder_Zaehlfeld_5-Min,5-min,9.890217,53.60187,10172,10176,False
5763,Zählfeld B_45.3_1_G (veraltet),12428,HH_STA_HamburgerRadzaehlnetz,Anzahl_Fahrraeder_Zaehlfeld_5-Min,5-min,10.119637,53.60592,10176,10176,True
5765,Zählfeld B_31.3_1_I (veraltet),12434,HH_STA_HamburgerRadzaehlnetz,Anzahl_Fahrraeder_Zaehlfeld_5-Min,5-min,9.971251,53.58233,10176,10176,True
5766,Zählfeld B_31.3_2_G (veraltet),12437,HH_STA_HamburgerRadzaehlnetz,Anzahl_Fahrraeder_Zaehlfeld_5-Min,5-min,9.971251,53.58233,10176,10176,True
5767,Zählfeld B_34.1_1_I (veraltet),12440,HH_STA_HamburgerRadzaehlnetz,Anzahl_Fahrraeder_Zaehlfeld_5-Min,5-min,9.931616,53.628723,10176,10176,True
5768,Zählfeld B_34.1_2_G (veraltet),12443,HH_STA_HamburgerRadzaehlnetz,Anzahl_Fahrraeder_Zaehlfeld_5-Min,5-min,9.931616,53.628723,10176,10176,True
5769,Zählfeld B_46.1_1_I (veraltet),12446,HH_STA_HamburgerRadzaehlnetz,Anzahl_Fahrraeder_Zaehlfeld_5-Min,5-min,10.094483,53.656406,10176,10176,True
5770,Zählfeld B_46.1_2_G (veraltet),12449,HH_STA_HamburgerRadzaehlnetz,Anzahl_Fahrraeder_Zaehlfeld_5-Min,5-min,10.094483,53.656406,10176,10176,True
5771,Zählfeld G_2.4_1_I (veraltet),12452,HH_STA_HamburgerRadzaehlnetz,Anzahl_Fahrraeder_Zaehlfeld_5-Min,5-min,9.967564,53.557423,10176,10176,True
5772,Zählfeld G_2.4_2_G (veraltet),12455,HH_STA_HamburgerRadzaehlnetz,Anzahl_Fahrraeder_Zaehlfeld_5-Min,5-min,9.967564,53.557423,10176,10176,True
5773,Zählfeld B_39.8_1_I (veraltet),12458,HH_STA_HamburgerRadzaehlnetz,Anzahl_Fahrraeder_Zaehlfeld_5-Min,5-min,10.035666,53.574757,10176,10176,True
5774,Zählfeld B_39.8_2_G (veraltet),12461,HH_STA_HamburgerRadzaehlnetz,Anzahl_Fahrraeder_Zaehlfeld_5-Min,5-min,10.035666,53.574757,10176,10176,True
5775,Zählfeld B_48.2_1_G (veraltet),12464,HH_STA_HamburgerRadzaehlnetz,Anzahl_Fahrraeder_Zaehlfeld_5-Min,5-min,10.186606,53.48963,10176,10176,True
5776,Zählfeld B_48.2_2_I (veraltet),12467,HH_STA_HamburgerRadzaehlnetz,Anzahl_Fahrraeder_Zaehlfeld_5-Min,5-min,10.186606,53.48963,10176,10176,True
5777,Zählfeld A_39.2_1_I (veraltet),12470,HH_STA_HamburgerRadzaehlnetz,Anzahl_Fahrraeder_Zaehlfeld_5-Min,5-min,10.034096,53.57585,10176,10176,True
5778,Zählfeld A_39.2_2_G (veraltet),12473,HH_STA_HamburgerRadzaehlnetz,Anzahl_Fahrraeder_Zaehlfeld_5-Min,5-min,10.034096,53.57585,10176,10176,True
5779,Zählfeld E_24.4_1_I (veraltet),12476,HH_STA_HamburgerRadzaehlnetz,Anzahl_Fahrraeder_Zaehlfeld_5-Min,5-min,9.81227,53.563923,10176,10176,True
5780,Zählfeld E_24.4_2_G (veraltet),12479,HH_STA_HamburgerRadzaehlnetz,Anzahl_Fahrraeder_Zaehlfeld_5-Min,5-min,9.81227,53.563923,10176,10176,True
5781,Zählfeld B_35.2_1_G (veraltet),12482,HH_STA_HamburgerRadzaehlnetz,Anzahl_Fahrraeder_Zaehlfeld_5-Min,5-min,9.951065,53.61623,10176,10176,True
5782,Zählfeld B_35.2_2_I (veraltet),12485,HH_STA_HamburgerRadzaehlnetz,Anzahl_Fahrraeder_Zaehlfeld_5-Min,5-min,9.951065,53.61623,10176,10176,True
5785,Zählfeld J_31.4_1_I (veraltet),12494,HH_STA_HamburgerRadzaehlnetz,Anzahl_Fahrraeder_Zaehlfeld_5-Min,5-min,9.970928,53.581524,10176,10176,True
5786,Zählfeld J_31.4_2_I (veraltet),12497,HH_STA_HamburgerRadzaehlnetz,Anzahl_Fahrraeder_Zaehlfeld_5-Min,5-min,9.970928,53.581524,10176,10176,True
5787,Zählfeld X_44.1_1_I (veraltet),12500,HH_STA_HamburgerRadzaehlnetz,Anzahl_Fahrraeder_Zaehlfeld_5-Min,5-min,10.146441,53.595352,10119,10176,False
5788,Zählfeld X_44.1_2_I (veraltet),12503,HH_STA_HamburgerRadzaehlnetz,Anzahl_Fahrraeder_Zaehlfeld_5-Min,5-min,10.146441,53.595352,10119,10176,False
5791,Zählfeld H_30.1_1_I (veraltet),12512,HH_STA_HamburgerRadzaehlnetz,Anzahl_Fahrraeder_Zaehlfeld_5-Min,5-min,9.99935,53.580128,5527,10176,False
5792,Zählfeld H_30.1_2_G (veraltet),12515,HH_STA_HamburgerRadzaehlnetz,Anzahl_Fahrraeder_Zaehlfeld_5-Min,5-min,9.999404,53.580128,5527,10176,False
5793,Zählfeld H_30.2_1_G (veraltet),12518,HH_STA_HamburgerRadzaehlnetz,Anzahl_Fahrraeder_Zaehlfeld_5-Min,5-min,9.99935,53.580128,5527,10176,False
5794,Zählfeld H_30.2_2_I (veraltet),12521,HH_STA_HamburgerRadzaehlnetz,Anzahl_Fahrraeder_Zaehlfeld_5-Min,5-min,9.999377,53.580128,5527,10176,False
5795,Zählfeld A_29.1_1_I (veraltet),12524,HH_STA_HamburgerRadzaehlnetz,Anzahl_Fahrraeder_Zaehlfeld_5-Min,5-min,9.97035,53.575794,10176,10176,True
5796,Zählfeld A_29.1_2_I (veraltet),12527,HH_STA_HamburgerRadzaehlnetz,Anzahl_Fahrraeder_Zaehlfeld_5-Min,5-min,9.97035,53.575794,10176,10176,True
5797,Zählfeld G_32.2_1_G (veraltet),12530,HH_STA_HamburgerRadzaehlnetz,Anzahl_Fahrraeder_Zaehlfeld_5-Min,5-min,9.95375,53.57567,10175,10176,False
5798,Zählfeld G_32.2_2_I (veraltet),12533,HH_STA_HamburgerRadzaehlnetz,Anzahl_Fahrraeder_Zaehlfeld_5-Min,5-min,9.95375,53.57567,10175,10176,False
5799,Zählfeld G_32.1_1_I (veraltet),12536,HH_STA_HamburgerRadzaehlnetz,Anzahl_Fahrraeder_Zaehlfeld_5-Min,5-min,9.953787,53.57574,10176,10176,True
5800,Zählfeld G_32.1_2_G (veraltet),12539,HH_STA_HamburgerRadzaehlnetz,Anzahl_Fahrraeder_Zaehlfeld_5-Min,5-min,9.953787,53.57574,10176,10176,True
5822,Zählfeld G_40.2_1_I (veraltet),12623,HH_STA_HamburgerRadzaehlnetz,Anzahl_Fahrraeder_Zaehlfeld_5-Min,5-min,10.042891,53.598804,10176,10176,True
5823,Zählfeld G_40.2_2_G (veraltet),12626,HH_STA_HamburgerRadzaehlnetz,Anzahl_Fahrraeder_Zaehlfeld_5-Min,5-min,10.042891,53.598804,10176,10176,True
5824,Zählfeld A_1.3_1_G (veraltet),12629,HH_STA_HamburgerRadzaehlnetz,Anzahl_Fahrraeder_Zaehlfeld_5-Min,5-min,9.990172,53.55968,10176,10176,True
5825,Zählfeld A_1.3_2_I (veraltet),12632,HH_STA_HamburgerRadzaehlnetz,Anzahl_Fahrraeder_Zaehlfeld_5-Min,5-min,9.990172,53.55968,10176,10176,True
5826,Zählfeld D_40.4_1_G (veraltet),12635,HH_STA_HamburgerRadzaehlnetz,Anzahl_Fahrraeder_Zaehlfeld_5-Min,5-min,10.042236,53.598213,10176,10176,True
5827,Zählfeld D_40.4_2_I (veraltet),12638,HH_STA_HamburgerRadzaehlnetz,Anzahl_Fahrraeder_Zaehlfeld_5-Min,5-min,10.042236,53.598213,10176,10176,True
5828,Zählfeld A_25.2_1_G (veraltet),12641,HH_STA_HamburgerRadzaehlnetz,Anzahl_Fahrraeder_Zaehlfeld_5-Min,5-min,9.996308,53.558098,10176,10176,True
5829,Zählfeld A_25.2_2_I (veraltet),12644,HH_STA_HamburgerRadzaehlnetz,Anzahl_Fahrraeder_Zaehlfeld_5-Min,5-min,9.996308,53.558098,10176,10176,True
5830,Zählfeld D_40.5_1_I (veraltet),12647,HH_STA_HamburgerRadzaehlnetz,Anzahl_Fahrraeder_Zaehlfeld_5-Min,5-min,10.042127,53.59801,10176,10176,True
5831,Zählfeld D_40.5_2_G (veraltet),12650,HH_STA_HamburgerRadzaehlnetz,Anzahl_Fahrraeder_Zaehlfeld_5-Min,5-min,10.042127,53.59801,10176,10176,True
5833,Zählfeld D_6.2_2_G (veraltet),12656,HH_STA_HamburgerRadzaehlnetz,Anzahl_Fahrraeder_Zaehlfeld_5-Min,5-min,9.966496,53.5413,1992,10176,False
5834,Zählfeld A_43.1_1_G (veraltet),12659,HH_STA_HamburgerRadzaehlnetz,Anzahl_Fahrraeder_Zaehlfeld_5-Min,5-min,10.064118,53.57115,10176,10176,True
5835,Zählfeld A_43.1_2_I (veraltet),12662,HH_STA_HamburgerRadzaehlnetz,Anzahl_Fahrraeder_Zaehlfeld_5-Min,5-min,10.064118,53.57115,10176,10176,True
5836,Zählfeld A_43.2_1_I (veraltet),12665,HH_STA_HamburgerRadzaehlnetz,Anzahl_Fahrraeder_Zaehlfeld_5-Min,5-min,10.065,53.57146,10150,10176,False
5837,Zählfeld A_43.2_2_G (veraltet),12668,HH_STA_HamburgerRadzaehlnetz,Anzahl_Fahrraeder_Zaehlfeld_5-Min,5-min,10.065,53.57146,10150,10176,False
5838,Zählfeld G_46.4_1_I (veraltet),12671,HH_STA_HamburgerRadzaehlnetz,Anzahl_Fahrraeder_Zaehlfeld_5-Min,5-min,10.094027,53.656773,10176,10176,True
5839,Zählfeld G_46.4_2_G (veraltet),12674,HH_STA_HamburgerRadzaehlnetz,Anzahl_Fahrraeder_Zaehlfeld_5-Min,5-min,10.094027,53.656773,10176,10176,True
5840,Zählfeld B_33.1_1_I (veraltet),12677,HH_STA_HamburgerRadzaehlnetz,Anzahl_Fahrraeder_Zaehlfeld_5-Min,5-min,9.891808,53.602936,9964,10176,False
5842,Zählfeld D_44.3_1_I (veraltet),12683,HH_STA_HamburgerRadzaehlnetz,Anzahl_Fahrraeder_Zaehlfeld_5-Min,5-min,10.146805,53.595016,10176,10176,True
5843,Zählfeld D_44.3_2_G (veraltet),12686,HH_STA_HamburgerRadzaehlnetz,Anzahl_Fahrraeder_Zaehlfeld_5-Min,5-min,10.146805,53.595016,10176,10176,True
5844,Zählfeld D_44.4_1_G (veraltet),12689,HH_STA_HamburgerRadzaehlnetz,Anzahl_Fahrraeder_Zaehlfeld_5-Min,5-min,10.146732,53.594925,10176,10176,True
5845,Zählfeld D_44.4_2_I (veraltet),12692,HH_STA_HamburgerRadzaehlnetz,Anzahl_Fahrraeder_Zaehlfeld_5-Min,5-min,10.146732,53.594925,10176,10176,True
5846,Zählfeld A_50.4_1_I (veraltet),12695,HH_STA_HamburgerRadzaehlnetz,Anzahl_Fahrraeder_Zaehlfeld_5-Min,5-min,9.985738,53.456882,10176,10176,True
5847,Zählfeld A_50.4_2_G (veraltet),12698,HH_STA_HamburgerRadzaehlnetz,Anzahl_Fahrraeder_Zaehlfeld_5-Min,5-min,9.985738,53.456882,10176,10176,True
5848,Zählfeld E_24.5_1_G (veraltet),12701,HH_STA_HamburgerRadzaehlnetz,Anzahl_Fahrraeder_Zaehlfeld_5-Min,5-min,9.812422,53.56373,10176,10176,True
5849,Zählfeld E_24.5_2_I (veraltet),12704,HH_STA_HamburgerRadzaehlnetz,Anzahl_Fahrraeder_Zaehlfeld_5-Min,5-min,9.812422,53.56373,10176,10176,True
5850,Zählfeld B_50.3_1_I (veraltet),12707,HH_STA_HamburgerRadzaehlnetz,Anzahl_Fahrraeder_Zaehlfeld_5-Min,5-min,9.985666,53.45643,10176,10176,True
5851,Zählfeld B_50.3_2_G (veraltet),12710,HH_STA_HamburgerRadzaehlnetz,Anzahl_Fahrraeder_Zaehlfeld_5-Min,5-min,9.985666,53.45643,10176,10176,True
5852,Zählfeld G_46.3_1_G (veraltet),12713,HH_STA_HamburgerRadzaehlnetz,Anzahl_Fahrraeder_Zaehlfeld_5-Min,5-min,10.0939665,53.656464,10176,10176,True
5853,Zählfeld G_46.3_2_I (veraltet),12716,HH_STA_HamburgerRadzaehlnetz,Anzahl_Fahrraeder_Zaehlfeld_5-Min,5-min,10.0939665,53.656464,10176,10176,True
5874,Zählfeld B_16.4_1_I (veraltet),12799,HH_STA_HamburgerRadzaehlnetz,Anzahl_Fahrraeder_Zaehlfeld_5-Min,5-min,10.018673,53.49202,9997,10176,False
5875,Zählfeld B_16.4_2_G (veraltet),12802,HH_STA_HamburgerRadzaehlnetz,Anzahl_Fahrraeder_Zaehlfeld_5-Min,5-min,10.018673,53.49202,9997,10176,False
5876,Zählfeld A_1.2_1_I (veraltet),12805,HH_STA_HamburgerRadzaehlnetz,Anzahl_Fahrraeder_Zaehlfeld_5-Min,5-min,9.990132,53.55966,10176,10176,True
5877,Zählfeld A_1.2_2_G (veraltet),12808,HH_STA_HamburgerRadzaehlnetz,Anzahl_Fahrraeder_Zaehlfeld_5-Min,5-min,9.990132,53.55966,10176,10176,True
5878,Zählfeld D_6.1_1_G (veraltet),12811,HH_STA_HamburgerRadzaehlnetz,Anzahl_Fahrraeder_Zaehlfeld_5-Min,5-min,9.966544,53.541264,1992,10176,False
5879,Zählfeld D_6.1_2_I (veraltet),12814,HH_STA_HamburgerRadzaehlnetz,Anzahl_Fahrraeder_Zaehlfeld_5-Min,5-min,9.966544,53.541264,1992,10176,False
5889,Zählfeld D_45.4_1_I (veraltet),12853,HH_STA_HamburgerRadzaehlnetz,Anzahl_Fahrraeder_Zaehlfeld_5-Min,5-min,10.118848,53.605583,10176,10176,True
5890,Zählfeld D_45.4_2_G (veraltet),12856,HH_STA_HamburgerRadzaehlnetz,Anzahl_Fahrraeder_Zaehlfeld_5-Min,5-min,10.118848,53.605583,10176,10176,True
5891,Zählfeld B_35.1_1_I (veraltet),12859,HH_STA_HamburgerRadzaehlnetz,Anzahl_Fahrraeder_Zaehlfeld_5-Min,5-min,9.950462,53.617043,10176,10176,True
5892,Zählfeld B_35.1_2_G (veraltet),12862,HH_STA_HamburgerRadzaehlnetz,Anzahl_Fahrraeder_Zaehlfeld_5-Min,5-min,9.950462,53.617043,10176,10176,True
5893,Zählfeld B_31.6_1_I (veraltet),12865,HH_STA_HamburgerRadzaehlnetz,Anzahl_Fahrraeder_Zaehlfeld_5-Min,5-min,9.972512,53.581276,10176,10176,True
5894,Zählfeld B_31.6_2_G (veraltet),12868,HH_STA_HamburgerRadzaehlnetz,Anzahl_Fahrraeder_Zaehlfeld_5-Min,5-min,9.972512,53.581276,10176,10176,True
5895,Zählfeld G_40.8_1_G (veraltet),12871,HH_STA_HamburgerRadzaehlnetz,Anzahl_Fahrraeder_Zaehlfeld_5-Min,5-min,10.04128,53.59968,10176,10176,True
5896,Zählfeld G_40.8_2_I (veraltet),12874,HH_STA_HamburgerRadzaehlnetz,Anzahl_Fahrraeder_Zaehlfeld_5-Min,5-min,10.04128,53.59968,10176,10176,True
5897,Zählfeld A_38.2_1_I (veraltet),12877,HH_STA_HamburgerRadzaehlnetz,Anzahl_Fahrraeder_Zaehlfeld_5-Min,5-min,10.010372,53.576862,10176,10176,True
5898,Zählfeld A_38.2_2_G (veraltet),12880,HH_STA_HamburgerRadzaehlnetz,Anzahl_Fahrraeder_Zaehlfeld_5-Min,5-min,10.010372,53.576862,10176,10176,True
5899,Zählfeld I_38.2_1_I (veraltet),12883,HH_STA_HamburgerRadzaehlnetz,Anzahl_Fahrraeder_Zaehlfeld_5-Min,5-min,10.010398,53.576874,10176,10176,True
5900,Zählfeld I_38.2_2_G (veraltet),12886,HH_STA_HamburgerRadzaehlnetz,Anzahl_Fahrraeder_Zaehlfeld_5-Min,5-min,10.010398,53.576874,10176,10176,True
7648,Zählfeld J_52.1_1_I (veraltet),16183,HH_STA_HamburgerRadzaehlnetz,Anzahl_Fahrraeder_Zaehlfeld_5-Min,5-min,9.978648,53.461315,10176,10176,True
7649,Zählfeld J_52.1_2_I (veraltet),16186,HH_STA_HamburgerRadzaehlnetz,Anzahl_Fahrraeder_Zaehlfeld_5-Min,5-min,9.978648,53.461315,10176,10176,True
7650,Zählfeld B_45.3_2_I (veraltet),16189,HH_STA_HamburgerRadzaehlnetz,Anzahl_Fahrraeder_Zaehlfeld_5-Min,5-min,10.119637,53.60592,10176,10176,True
7758,Zählfeld B_41.4_1_G (veraltet),16636,HH_STA_HamburgerRadzaehlnetz,Anzahl_Fahrraeder_Zaehlfeld_5-Min,5-min,10.018459,53.649273,10173,10176,False
7759,Zählfeld B_41.4_2_I (veraltet),16639,HH_STA_HamburgerRadzaehlnetz,Anzahl_Fahrraeder_Zaehlfeld_5-Min,5-min,10.018459,53.649273,10173,10176,False
7762,Zählfeld A_41.2_1_G (veraltet),16648,HH_STA_HamburgerRadzaehlnetz,Anzahl_Fahrraeder_Zaehlfeld_5-Min,5-min,10.017069,53.649292,10173,10176,False
7763,Zählfeld A_41.2_2_I (veraltet),16651,HH_STA_HamburgerRadzaehlnetz,Anzahl_Fahrraeder_Zaehlfeld_5-Min,5-min,10.017069,53.649292,10173,10176,False
7764,Zählfeld A_41.7_1_G (veraltet),16654,HH_STA_HamburgerRadzaehlnetz,Anzahl_Fahrraeder_Zaehlfeld_5-Min,5-min,10.018023,53.65003,10153,10176,False
7765,Zählfeld A_41.7_2_I (veraltet),16657,HH_STA_HamburgerRadzaehlnetz,Anzahl_Fahrraeder_Zaehlfeld_5-Min,5-min,10.018023,53.65003,10153,10176,False
7766,Zählfeld B_41.5_1_I (veraltet),16660,HH_STA_HamburgerRadzaehlnetz,Anzahl_Fahrraeder_Zaehlfeld_5-Min,5-min,10.018795,53.6495,10176,10176,True
7767,Zählfeld B_41.5_2_G (veraltet),16663,HH_STA_HamburgerRadzaehlnetz,Anzahl_Fahrraeder_Zaehlfeld_5-Min,5-min,10.018795,53.6495,10176,10176,True
7768,Zählfeld B_41.1_1_I (veraltet),16666,HH_STA_HamburgerRadzaehlnetz,Anzahl_Fahrraeder_Zaehlfeld_5-Min,5-min,10.017052,53.64952,10173,10176,False
7769,Zählfeld B_41.1_2_G (veraltet),16669,HH_STA_HamburgerRadzaehlnetz,Anzahl_Fahrraeder_Zaehlfeld_5-Min,5-min,10.017052,53.64952,10173,10176,False
7770,Zählfeld B_41.3_1_I (veraltet),16672,HH_STA_HamburgerRadzaehlnetz,Anzahl_Fahrraeder_Zaehlfeld_5-Min,5-min,10.017859,53.648624,10176,10176,True
7771,Zählfeld B_41.3_2_I (veraltet),16675,HH_STA_HamburgerRadzaehlnetz,Anzahl_Fahrraeder_Zaehlfeld_5-Min,5-min,10.017859,53.648624,10176,10176,True
8078,Zählfeld G_40.9_1_I (veraltet),17445,HH_STA_HamburgerRadzaehlnetz,Anzahl_Fahrraeder_Zaehlfeld_5-Min,5-min,10.041109,53.59975,10176,10176,True
8079,Zählfeld G_40.9_2_G (veraltet),17446,HH_STA_HamburgerRadzaehlnetz,Anzahl_Fahrraeder_Zaehlfeld_5-Min,5-min,10.041109,53.59975,10176,10176,True
8080,Zählfeld I_27.2_1_I (veraltet),17447,HH_STA_HamburgerRadzaehlnetz,Anzahl_Fahrraeder_Zaehlfeld_5-Min,5-min,9.9934,53.558292,10176,10176,True
8081,Zählfeld I_27.2_2_G (veraltet),17448,HH_STA_HamburgerRadzaehlnetz,Anzahl_Fahrraeder_Zaehlfeld_5-Min,5-min,9.9934,53.558292,10176,10176,True
8082,Zählfeld B_28.1_1_I (veraltet),17449,HH_STA_HamburgerRadzaehlnetz,Anzahl_Fahrraeder_Zaehlfeld_5-Min,5-min,9.970655,53.567066,10176,10176,True
8083,Zählfeld B_28.1_2_G (veraltet),17450,HH_STA_HamburgerRadzaehlnetz,Anzahl_Fahrraeder_Zaehlfeld_5-Min,5-min,9.970655,53.567066,10176,10176,True
8089,Zählfeld B_50.1_1_G (veraltet),17460,HH_STA_HamburgerRadzaehlnetz,Anzahl_Fahrraeder_Zaehlfeld_5-Min,5-min,9.985025,53.45697,9673,10176,False
8090,Zählfeld B_50.1_2_I (veraltet),17461,HH_STA_HamburgerRadzaehlnetz,Anzahl_Fahrraeder_Zaehlfeld_5-Min,5-min,9.985025,53.45697,10158,10176,False
8091,Zählfeld B_31.1_1_G (veraltet),17462,HH_STA_HamburgerRadzaehlnetz,Anzahl_Fahrraeder_Zaehlfeld_5-Min,5-min,9.971326,53.58265,10176,10176,True
8092,Zählfeld B_31.1_2_I (veraltet),17463,HH_STA_HamburgerRadzaehlnetz,Anzahl_Fahrraeder_Zaehlfeld_5-Min,5-min,9.971326,53.58265,10176,10176,True
8093,Zählfeld B_39.1_1_G (veraltet),17464,HH_STA_HamburgerRadzaehlnetz,Anzahl_Fahrraeder_Zaehlfeld_5-Min,5-min,10.034798,53.57565,10176,10176,True
8094,Zählfeld B_39.1_2_I (veraltet),17465,HH_STA_HamburgerRadzaehlnetz,Anzahl_Fahrraeder_Zaehlfeld_5-Min,5-min,10.034798,53.57565,10176,10176,True
8095,Zählfeld B_39.7_1_G (veraltet),17466,HH_STA_HamburgerRadzaehlnetz,Anzahl_Fahrraeder_Zaehlfeld_5-Min,5-min,10.03613,53.574802,10176,10176,True
8096,Zählfeld B_39.7_2_I (veraltet),17467,HH_STA_HamburgerRadzaehlnetz,Anzahl_Fahrraeder_Zaehlfeld_5-Min,5-min,10.03613,53.574802,10176,10176,True
8097,Zählfeld B_11.2_1_I (veraltet),17468,HH_STA_HamburgerRadzaehlnetz,Anzahl_Fahrraeder_Zaehlfeld_5-Min,5-min,10.027118,53.533474,10176,10176,True
8098,Zählfeld B_11.2_2_G (veraltet),17469,HH_STA_HamburgerRadzaehlnetz,Anzahl_Fahrraeder_Zaehlfeld_5-Min,5-min,10.027118,53.533474,10176,10176,True
8099,Zählfeld G_40.7_1_I (veraltet),17470,HH_STA_HamburgerRadzaehlnetz,Anzahl_Fahrraeder_Zaehlfeld_5-Min,5-min,10.040752,53.598457,10176,10176,True
8100,Zählfeld G_40.7_2_G (veraltet),17471,HH_STA_HamburgerRadzaehlnetz,Anzahl_Fahrraeder_Zaehlfeld_5-Min,5-min,10.040752,53.598457,10176,10176,True
8101,Zählfeld B_34.2_1_G (veraltet),17472,HH_STA_HamburgerRadzaehlnetz,Anzahl_Fahrraeder_Zaehlfeld_5-Min,5-min,9.932345,53.628548,10176,10176,True
8102,Zählfeld B_34.2_2_I (veraltet),17473,HH_STA_HamburgerRadzaehlnetz,Anzahl_Fahrraeder_Zaehlfeld_5-Min,5-min,9.932345,53.628548,10176,10176,True
8103,Zählfeld H_2.5_1_G (veraltet),17479,HH_STA_HamburgerRadzaehlnetz,Anzahl_Fahrraeder_Zaehlfeld_5-Min,5-min,9.968303,53.557278,10170,10176,False
8104,Zählfeld H_2.5_2_I (veraltet),17480,HH_STA_HamburgerRadzaehlnetz,Anzahl_Fahrraeder_Zaehlfeld_5-Min,5-min,9.968303,53.557278,10170,10176,False
8111,Zählfeld D_41.6_1_I (veraltet),17532,HH_STA_HamburgerRadzaehlnetz,Anzahl_Fahrraeder_Zaehlfeld_5-Min,5-min,10.017726,53.65035,10176,10176,True
8112,Zählfeld D_41.6_2_G (veraltet),17533,HH_STA_HamburgerRadzaehlnetz,Anzahl_Fahrraeder_Zaehlfeld_5-Min,5-min,10.017726,53.65035,10176,10176,True
8113,Zählfeld B_16.5_1_G (veraltet),17538,HH_STA_HamburgerRadzaehlnetz,Anzahl_Fahrraeder_Zaehlfeld_5-Min,5-min,10.014733,53.492153,10143,10176,False
8114,Zählfeld B_16.5_2_I (veraltet),17539,HH_STA_HamburgerRadzaehlnetz,Anzahl_Fahrraeder_Zaehlfeld_5-Min,5-min,10.014733,53.492153,10143,10176,False
8115,Zählfeld B_46.7_1_I (veraltet),17540,HH_STA_HamburgerRadzaehlnetz,Anzahl_Fahrraeder_Zaehlfeld_5-Min,5-min,10.093248,53.656044,10144,10176,False
8116,Zählfeld B_46.7_2_G (veraltet),17541,HH_STA_HamburgerRadzaehlnetz,Anzahl_Fahrraeder_Zaehlfeld_5-Min,5-min,10.093248,53.656044,10144,10176,False
8117,Zählfeld B_46.2_1_G (veraltet),17542,HH_STA_HamburgerRadzaehlnetz,Anzahl_Fahrraeder_Zaehlfeld_5-Min,5-min,10.094338,53.656216,10144,10176,False
8118,Zählfeld B_46.2_2_I (veraltet),17543,HH_STA_HamburgerRadzaehlnetz,Anzahl_Fahrraeder_Zaehlfeld_5-Min,5-min,10.094338,53.656216,10144,10176,False
8381,Zählfeld J_2.3_1_I (veraltet),18347,HH_STA_HamburgerRadzaehlnetz,Anzahl_Fahrraeder_Zaehlfeld_5-Min,5-min,9.967125,53.55829,10176,10176,True
8382,Zählfeld J_2.3_2_G (veraltet),18348,HH_STA_HamburgerRadzaehlnetz,Anzahl_Fahrraeder_Zaehlfeld_5-Min,5-min,9.967125,53.55829,10176,10176,True
8383,Zählfeld B_39.4_1_G (veraltet),18349,HH_STA_HamburgerRadzaehlnetz,Anzahl_Fahrraeder_Zaehlfeld_5-Min,5-min,10.035141,53.574554,10176,10176,True
8384,Zählfeld B_39.4_2_I (veraltet),18350,HH_STA_HamburgerRadzaehlnetz,Anzahl_Fahrraeder_Zaehlfeld_5-Min,5-min,10.035141,53.574554,10176,10176,True
8385,Zählfeld B_9.5_1_G (veraltet),18351,HH_STA_HamburgerRadzaehlnetz,Anzahl_Fahrraeder_Zaehlfeld_5-Min,5-min,10.108677,53.53713,10139,10176,False
8386,Zählfeld B_9.5_2_I (veraltet),18352,HH_STA_HamburgerRadzaehlnetz,Anzahl_Fahrraeder_Zaehlfeld_5-Min,5-min,10.108677,53.53713,10139,10176,False
8387,Zählfeld B_10.1_1_I (veraltet),18353,HH_STA_HamburgerRadzaehlnetz,Anzahl_Fahrraeder_Zaehlfeld_5-Min,5-min,10.068029,53.528885,10176,10176,True
8388,Zählfeld B_10.1_2_G (veraltet),18354,HH_STA_HamburgerRadzaehlnetz,Anzahl_Fahrraeder_Zaehlfeld_5-Min,5-min,10.068029,53.528885,10176,10176,True
8389,Zählfeld B_10.2_1_G (veraltet),18355,HH_STA_HamburgerRadzaehlnetz,Anzahl_Fahrraeder_Zaehlfeld_5-Min,5-min,10.068147,53.528934,10176,10176,True
8390,Zählfeld B_10.2_2_I (veraltet),18356,HH_STA_HamburgerRadzaehlnetz,Anzahl_Fahrraeder_Zaehlfeld_5-Min,5-min,10.068147,53.528934,10176,10176,True
8392,Zählfeld J_53.2_1_I (veraltet),18359,HH_STA_HamburgerRadzaehlnetz,Anzahl_Fahrraeder_Zaehlfeld_5-Min,5-min,9.949541,53.555794,10176,10176,True
8393,Zählfeld J_53.2_2_I (veraltet),18360,HH_STA_HamburgerRadzaehlnetz,Anzahl_Fahrraeder_Zaehlfeld_5-Min,5-min,9.949541,53.555794,10176,10176,True
8398,Zählfeld D_57.1_1_I (veraltet),18365,HH_STA_HamburgerRadzaehlnetz,Anzahl_Fahrraeder_Zaehlfeld_5-Min,5-min,9.966551,53.549988,9826,10176,False
8402,Zählfeld B_39.3_1_I (veraltet),18369,HH_STA_HamburgerRadzaehlnetz,Anzahl_Fahrraeder_Zaehlfeld_5-Min,5-min,10.034502,53.574757,10176,10176,True
8403,Zählfeld B_39.3_2_G (veraltet),18370,HH_STA_HamburgerRadzaehlnetz,Anzahl_Fahrraeder_Zaehlfeld_5-Min,5-min,10.034502,53.574757,10176,10176,True
8407,Zählfeld D_57.2_2_I (veraltet),18374,HH_STA_HamburgerRadzaehlnetz,Anzahl_Fahrraeder_Zaehlfeld_5-Min,5-min,9.966789,53.549885,10176,10176,True
8408,Zählfeld B_49.1_1_I (veraltet),18375,HH_STA_HamburgerRadzaehlnetz,Anzahl_Fahrraeder_Zaehlfeld_5-Min,5-min,9.993821,53.471233,8927,10176,False
8409,Zählfeld B_49.1_2_I (veraltet),18376,HH_STA_HamburgerRadzaehlnetz,Anzahl_Fahrraeder_Zaehlfeld_5-Min,5-min,9.993821,53.471233,8927,10176,False
8410,Zählfeld J_79.1_1_I (veraltet),18377,HH_STA_HamburgerRadzaehlnetz,Anzahl_Fahrraeder_Zaehlfeld_5-Min,5-min,9.986991,53.56458,10176,10176,True
8411,Zählfeld J_79.1_2_I (veraltet),18378,HH_STA_HamburgerRadzaehlnetz,Anzahl_Fahrraeder_Zaehlfeld_5-Min,5-min,9.986991,53.56458,10176,10176,True
8412,Zählfeld J_63.1_1_I (veraltet),18379,HH_STA_HamburgerRadzaehlnetz,Anzahl_Fahrraeder_Zaehlfeld_5-Min,5-min,9.958068,53.570705,10168,10176,False
8413,Zählfeld J_63.1_2_I (veraltet),18380,HH_STA_HamburgerRadzaehlnetz,Anzahl_Fahrraeder_Zaehlfeld_5-Min,5-min,9.958068,53.570705,10168,10176,False
8415,Zählfeld D_72.1_2_I (veraltet),18382,HH_STA_HamburgerRadzaehlnetz,Anzahl_Fahrraeder_Zaehlfeld_5-Min,5-min,9.973623,53.56959,9739,10176,False
8417,Zählfeld D_73.1_2_I (veraltet),18384,HH_STA_HamburgerRadzaehlnetz,Anzahl_Fahrraeder_Zaehlfeld_5-Min,5-min,9.950951,53.631294,10176,10176,True
8418,Zählfeld D_73.2_1_I (veraltet),18385,HH_STA_HamburgerRadzaehlnetz,Anzahl_Fahrraeder_Zaehlfeld_5-Min,5-min,9.950859,53.631317,10176,10176,True
8420,Zählfeld J_77.1_1_I (veraltet),18387,HH_STA_HamburgerRadzaehlnetz,Anzahl_Fahrraeder_Zaehlfeld_5-Min,5-min,9.941992,53.598267,10176,10176,True
8421,Zählfeld J_77.1_2_I (veraltet),18388,HH_STA_HamburgerRadzaehlnetz,Anzahl_Fahrraeder_Zaehlfeld_5-Min,5-min,9.941992,53.598267,10176,10176,True
8423,Zählfeld B_46.6_1_G (veraltet),18393,HH_STA_HamburgerRadzaehlnetz,Anzahl_Fahrraeder_Zaehlfeld_5-Min,5-min,10.093074,53.656124,10144,10176,False
8424,Zählfeld B_46.6_2_I (veraltet),18394,HH_STA_HamburgerRadzaehlnetz,Anzahl_Fahrraeder_Zaehlfeld_5-Min,5-min,10.093074,53.656124,10144,10176,False
8433,Zählfeld B_66.1_1_G (veraltet),18431,HH_STA_HamburgerRadzaehlnetz,Anzahl_Fahrraeder_Zaehlfeld_5-Min,5-min,9.962568,53.5589,10176,10176,True
8434,Zählfeld B_66.1_2_I (veraltet),18432,HH_STA_HamburgerRadzaehlnetz,Anzahl_Fahrraeder_Zaehlfeld_5-Min,5-min,9.962568,53.5589,10176,10176,True
8439,Zählfeld J_76.1_1_I (veraltet),18438,HH_STA_HamburgerRadzaehlnetz,Anzahl_Fahrraeder_Zaehlfeld_5-Min,5-min,9.958361,53.59833,10176,10176,True
8440,Zählfeld J_76.1_2_I (veraltet),18439,HH_STA_HamburgerRadzaehlnetz,Anzahl_Fahrraeder_Zaehlfeld_5-Min,5-min,9.958361,53.59833,10176,10176,True
8441,Zählfeld D_59.1_2_I (veraltet),18440,HH_STA_HamburgerRadzaehlnetz,Anzahl_Fahrraeder_Zaehlfeld_5-Min,5-min,9.939543,53.579906,10176,10176,True
8442,Zählfeld I_72.2_1_I (veraltet),18441,HH_STA_HamburgerRadzaehlnetz,Anzahl_Fahrraeder_Zaehlfeld_5-Min,5-min,9.973194,53.569805,2444,10176,False
8444,Zählfeld J_81.1_1_I (veraltet),18443,HH_STA_HamburgerRadzaehlnetz,Anzahl_Fahrraeder_Zaehlfeld_5-Min,5-min,9.931996,53.583733,10066,10176,False
8445,Zählfeld J_81.1_2_I (veraltet),18444,HH_STA_HamburgerRadzaehlnetz,Anzahl_Fahrraeder_Zaehlfeld_5-Min,5-min,9.931996,53.583733,10066,10176,False
8446,Zählfeld J_60.1_2_I (veraltet),18446,HH_STA_HamburgerRadzaehlnetz,Anzahl_Fahrraeder_Zaehlfeld_5-Min,5-min,10.02577,53.633053,10176,10176,True
8451,Zählfeld D_80.2_2_I (veraltet),18453,HH_STA_HamburgerRadzaehlnetz,Anzahl_Fahrraeder_Zaehlfeld_5-Min,5-min,9.995727,53.58369,10156,10176,False
8452,Zählfeld D_42.1_2_I (veraltet),18455,HH_STA_HamburgerRadzaehlnetz,Anzahl_Fahrraeder_Zaehlfeld_5-Min,5-min,10.0457,53.5645,10176,10176,True
8453,Zählfeld D_42.2_1_I (veraltet),18456,HH_STA_HamburgerRadzaehlnetz,Anzahl_Fahrraeder_Zaehlfeld_5-Min,5-min,10.0457,53.5645,10176,10176,True
8455,Zählfeld J_60.1_1_I (veraltet),18458,HH_STA_HamburgerRadzaehlnetz,Anzahl_Fahrraeder_Zaehlfeld_5-Min,5-min,10.02577,53.633053,10176,10176,True
8457,Zählfeld B_85.1_1_I (veraltet),18461,HH_STA_HamburgerRadzaehlnetz,Anzahl_Fahrraeder_Zaehlfeld_5-Min,5-min,9.965094,53.598476,10176,10176,True
8458,Zählfeld B_85.1_2_G (veraltet),18462,HH_STA_HamburgerRadzaehlnetz,Anzahl_Fahrraeder_Zaehlfeld_5-Min,5-min,9.965094,53.598476,10176,10176,True
8459,Zählfeld D_58.2_1_I (veraltet),18463,HH_STA_HamburgerRadzaehlnetz,Anzahl_Fahrraeder_Zaehlfeld_5-Min,5-min,10.075018,53.588627,10176,10176,True
8460,Zählfeld B_85.2_1_G (veraltet),18464,HH_STA_HamburgerRadzaehlnetz,Anzahl_Fahrraeder_Zaehlfeld_5-Min,5-min,9.965578,53.598167,10176,10176,True
8461,Zählfeld B_85.2_2_I (veraltet),18465,HH_STA_HamburgerRadzaehlnetz,Anzahl_Fahrraeder_Zaehlfeld_5-Min,5-min,9.965578,53.598167,10176,10176,True
8483,Zählfeld A_64.1_1_I (veraltet),18563,HH_STA_HamburgerRadzaehlnetz,Anzahl_Fahrraeder_Zaehlfeld_5-Min,5-min,9.98614,53.466305,10176,10176,True
8484,Zählfeld A_64.1_2_I (veraltet),18564,HH_STA_HamburgerRadzaehlnetz,Anzahl_Fahrraeder_Zaehlfeld_5-Min,5-min,9.98614,53.466305,10176,10176,True
8485,Zählfeld D_19.2_2_I (veraltet),18565,HH_STA_HamburgerRadzaehlnetz,Anzahl_Fahrraeder_Zaehlfeld_5-Min,5-min,9.935977,53.555794,10176,10176,True
8486,Zählfeld B_17.2_1_I (veraltet),18566,HH_STA_HamburgerRadzaehlnetz,Anzahl_Fahrraeder_Zaehlfeld_5-Min,5-min,9.999823,53.49937,10176,10176,True
8487,Zählfeld B_17.2_2_I (veraltet),18567,HH_STA_HamburgerRadzaehlnetz,Anzahl_Fahrraeder_Zaehlfeld_5-Min,5-min,9.999823,53.49937,10176,10176,True
9305,Zählfeld B_78.1_1_I (veraltet),20237,HH_STA_HamburgerRadzaehlnetz,Anzahl_Fahrraeder_Zaehlfeld_5-Min,5-min,9.976401,53.56332,10176,10176,True
9306,Zählfeld B_78.1_2_G (veraltet),20238,HH_STA_HamburgerRadzaehlnetz,Anzahl_Fahrraeder_Zaehlfeld_5-Min,5-min,9.976401,53.56332,10176,10176,True
9307,Zählfeld D_56.2_2_I (veraltet),20239,HH_STA_HamburgerRadzaehlnetz,Anzahl_Fahrraeder_Zaehlfeld_5-Min,5-min,9.998946,53.55431,10176,10176,True
9310,Zählfeld D_61.1_1_I (veraltet),20242,HH_STA_HamburgerRadzaehlnetz,Anzahl_Fahrraeder_Zaehlfeld_5-Min,5-min,10.013833,53.55439,10176,10176,True
9311,Zählfeld D_61.2_2_I (veraltet),20243,HH_STA_HamburgerRadzaehlnetz,Anzahl_Fahrraeder_Zaehlfeld_5-Min,5-min,10.014211,53.554237,10176,10176,True
9312,Zählfeld D_74.1_2_I (veraltet),20244,HH_STA_HamburgerRadzaehlnetz,Anzahl_Fahrraeder_Zaehlfeld_5-Min,5-min,9.93233,53.59752,10176,10176,True
9313,Zählfeld B_78.2_1_G (veraltet),20245,HH_STA_HamburgerRadzaehlnetz,Anzahl_Fahrraeder_Zaehlfeld_5-Min,5-min,9.976616,53.563168,10176,10176,True
9314,Zählfeld B_78.2_2_I (veraltet),20246,HH_STA_HamburgerRadzaehlnetz,Anzahl_Fahrraeder_Zaehlfeld_5-Min,5-min,9.976616,53.563168,10176,10176,True
9315,Zählfeld B_9.2_1_I (veraltet),20247,HH_STA_HamburgerRadzaehlnetz,Anzahl_Fahrraeder_Zaehlfeld_5-Min,5-min,10.1073885,53.53753,10176,10176,True
9316,Zählfeld B_9.2_2_G (veraltet),20248,HH_STA_HamburgerRadzaehlnetz,Anzahl_Fahrraeder_Zaehlfeld_5-Min,5-min,10.1073885,53.53753,10176,10176,True
9317,Zählfeld B_69.1_1_G (veraltet),20249,HH_STA_HamburgerRadzaehlnetz,Anzahl_Fahrraeder_Zaehlfeld_5-Min,5-min,10.015099,53.522278,10176,10176,True
9318,Zählfeld B_69.1_2_I (veraltet),20250,HH_STA_HamburgerRadzaehlnetz,Anzahl_Fahrraeder_Zaehlfeld_5-Min,5-min,10.015099,53.522278,10176,10176,True
9319,Zählfeld D_68.2_2_I (veraltet),20251,HH_STA_HamburgerRadzaehlnetz,Anzahl_Fahrraeder_Zaehlfeld_5-Min,5-min,10.206972,53.49475,10176,10176,True
9320,Zählfeld D_68.1_1_I (veraltet),20252,HH_STA_HamburgerRadzaehlnetz,Anzahl_Fahrraeder_Zaehlfeld_5-Min,5-min,10.2065,53.494804,10106,10176,False
9334,Zählfeld B_69.2_1_I (veraltet),20284,HH_STA_HamburgerRadzaehlnetz,Anzahl_Fahrraeder_Zaehlfeld_5-Min,5-min,10.01488,53.52147,10174,10176,False
9335,Zählfeld B_69.2_2_G (veraltet),20285,HH_STA_HamburgerRadzaehlnetz,Anzahl_Fahrraeder_Zaehlfeld_5-Min,5-min,10.01488,53.52147,10174,10176,False
9348,Zählfeld A_70.1_1_I (veraltet),20353,HH_STA_HamburgerRadzaehlnetz,Anzahl_Fahrraeder_Zaehlfeld_5-Min,5-min,10.029905,53.602894,10176,10176,True
9349,Zählfeld A_70.1_2_I (veraltet),20354,HH_STA_HamburgerRadzaehlnetz,Anzahl_Fahrraeder_Zaehlfeld_5-Min,5-min,10.029905,53.602894,10176,10176,True
9362,Zählfeld D_9.6_1_I (veraltet),20386,HH_STA_HamburgerRadzaehlnetz,Anzahl_Fahrraeder_Zaehlfeld_5-Min,5-min,10.109475,53.536545,10176,10176,True
9363,Zählfeld B_13.1_1_I (veraltet),20387,HH_STA_HamburgerRadzaehlnetz,Anzahl_Fahrraeder_Zaehlfeld_5-Min,5-min,10.029028,53.536667,10176,10176,True
9364,Zählfeld B_13.1_2_I (veraltet),20388,HH_STA_HamburgerRadzaehlnetz,Anzahl_Fahrraeder_Zaehlfeld_5-Min,5-min,10.029028,53.536667,10176,10176,True
9365,Zählfeld B_3.1_1_I (veraltet),20389,HH_STA_HamburgerRadzaehlnetz,Anzahl_Fahrraeder_Zaehlfeld_5-Min,5-min,9.974444,53.54972,10176,10176,True
9366,Zählfeld B_3.1_2_G (veraltet),20390,HH_STA_HamburgerRadzaehlnetz,Anzahl_Fahrraeder_Zaehlfeld_5-Min,5-min,9.974444,53.54972,10176,10176,True
9367,Zählfeld B_3.2_1_G (veraltet),20391,HH_STA_HamburgerRadzaehlnetz,Anzahl_Fahrraeder_Zaehlfeld_5-Min,5-min,9.973709,53.549496,10176,10176,True
9368,Zählfeld B_3.2_2_I (veraltet),20392,HH_STA_HamburgerRadzaehlnetz,Anzahl_Fahrraeder_Zaehlfeld_5-Min,5-min,9.973709,53.549496,10176,10176,True
9369,Zählfeld B_8.1_1_I (veraltet),20393,HH_STA_HamburgerRadzaehlnetz,Anzahl_Fahrraeder_Zaehlfeld_5-Min,5-min,10.038101,53.55562,10176,10176,True
9370,Zählfeld B_8.1_2_I (veraltet),20394,HH_STA_HamburgerRadzaehlnetz,Anzahl_Fahrraeder_Zaehlfeld_5-Min,5-min,10.038101,53.55562,10176,10176,True
9371,Zählfeld D_24.2_1_I (veraltet),20395,HH_STA_HamburgerRadzaehlnetz,Anzahl_Fahrraeder_Zaehlfeld_5-Min,5-min,9.811921,53.563324,10153,10176,False
9372,Zählfeld I_24.3_2_I (veraltet),20396,HH_STA_HamburgerRadzaehlnetz,Anzahl_Fahrraeder_Zaehlfeld_5-Min,5-min,9.811806,53.563194,10176,10176,True
9373,Zählfeld J_24.6_1_I (veraltet),20397,HH_STA_HamburgerRadzaehlnetz,Anzahl_Fahrraeder_Zaehlfeld_5-Min,5-min,9.812148,53.562725,10176,10176,True
9374,Zählfeld J_24.6_2_I (veraltet),20398,HH_STA_HamburgerRadzaehlnetz,Anzahl_Fahrraeder_Zaehlfeld_5-Min,5-min,9.812148,53.562725,10176,10176,True
9375,Zählfeld A_54.1_1_I (veraltet),20399,HH_STA_HamburgerRadzaehlnetz,Anzahl_Fahrraeder_Zaehlfeld_5-Min,5-min,9.898177,53.553387,10176,10176,True
9376,Zählfeld A_54.1_2_I (veraltet),20400,HH_STA_HamburgerRadzaehlnetz,Anzahl_Fahrraeder_Zaehlfeld_5-Min,5-min,9.898177,53.553387,10176,10176,True
9377,Zählfeld B_62.1_1_I (veraltet),20401,HH_STA_HamburgerRadzaehlnetz,Anzahl_Fahrraeder_Zaehlfeld_5-Min,5-min,10.158565,53.49073,10176,10176,True
9378,Zählfeld B_62.1_2_I (veraltet),20402,HH_STA_HamburgerRadzaehlnetz,Anzahl_Fahrraeder_Zaehlfeld_5-Min,5-min,10.158565,53.49073,10176,10176,True
9391,Zählfeld D_26.2_1_I (veraltet),20429,HH_STA_HamburgerRadzaehlnetz,Anzahl_Fahrraeder_Zaehlfeld_5-Min,5-min,9.989417,53.561417,10176,10176,True
9394,Zählfeld D_4.1_1_I (veraltet),20434,HH_STA_HamburgerRadzaehlnetz,Anzahl_Fahrraeder_Zaehlfeld_5-Min,5-min,9.971919,53.545544,10176,10176,True
9395,Zählfeld D_4.2_2_I (veraltet),20435,HH_STA_HamburgerRadzaehlnetz,Anzahl_Fahrraeder_Zaehlfeld_5-Min,5-min,9.971936,53.54532,10086,10176,False
9396,Zählfeld B_26.1_1_G (veraltet),20436,HH_STA_HamburgerRadzaehlnetz,Anzahl_Fahrraeder_Zaehlfeld_5-Min,5-min,9.990389,53.561306,10176,10176,True
9397,Zählfeld B_26.1_2_I (veraltet),20437,HH_STA_HamburgerRadzaehlnetz,Anzahl_Fahrraeder_Zaehlfeld_5-Min,5-min,9.990389,53.561306,10176,10176,True
9400,Zählfeld D_58.3_2_I (veraltet),20441,HH_STA_HamburgerRadzaehlnetz,Anzahl_Fahrraeder_Zaehlfeld_5-Min,5-min,10.075197,53.58872,10176,10176,True
9404,Zählfeld B_65.2_1_G (veraltet),20445,HH_STA_HamburgerRadzaehlnetz,Anzahl_Fahrraeder_Zaehlfeld_5-Min,5-min,9.975668,53.460262,10176,10176,True
9405,Zählfeld B_65.2_2_I (veraltet),20446,HH_STA_HamburgerRadzaehlnetz,Anzahl_Fahrraeder_Zaehlfeld_5-Min,5-min,9.975668,53.460262,10176,10176,True
9406,Zählfeld B_66.2_1_I (veraltet),20447,HH_STA_HamburgerRadzaehlnetz,Anzahl_Fahrraeder_Zaehlfeld_5-Min,5-min,9.961801,53.55905,10176,10176,True
9407,Zählfeld B_66.2_2_G (veraltet),20448,HH_STA_HamburgerRadzaehlnetz,Anzahl_Fahrraeder_Zaehlfeld_5-Min,5-min,9.961801,53.55905,10176,10176,True
9408,Zählfeld I_71.1_2_I (veraltet),20449,HH_STA_HamburgerRadzaehlnetz,Anzahl_Fahrraeder_Zaehlfeld_5-Min,5-min,9.997388,53.545395,10176,10176,True
9409,Zählfeld D_80.1_1_I (veraltet),20450,HH_STA_HamburgerRadzaehlnetz,Anzahl_Fahrraeder_Zaehlfeld_5-Min,5-min,9.995139,53.583668,10118,10176,False
9434,Zählfeld D_21.2_1_G (veraltet),20551,HH_STA_HamburgerRadzaehlnetz,Anzahl_Fahrraeder_Zaehlfeld_5-Min,5-min,9.936657,53.550106,10176,10176,True
9435,Zählfeld D_21.2_2_I (veraltet),20552,HH_STA_HamburgerRadzaehlnetz,Anzahl_Fahrraeder_Zaehlfeld_5-Min,5-min,9.936657,53.550106,10176,10176,True
9436,Zählfeld G_59.2_1_I (veraltet),20553,HH_STA_HamburgerRadzaehlnetz,Anzahl_Fahrraeder_Zaehlfeld_5-Min,5-min,9.939639,53.579613,8684,10176,False
9437,Zählfeld D_55.2_1_I (veraltet),20554,HH_STA_HamburgerRadzaehlnetz,Anzahl_Fahrraeder_Zaehlfeld_5-Min,5-min,9.947198,53.548843,10176,10176,True
9438,Zählfeld I_31.2_1_I (veraltet),20555,HH_STA_HamburgerRadzaehlnetz,Anzahl_Fahrraeder_Zaehlfeld_5-Min,5-min,9.972362,53.582203,10176,10176,True
9439,Zählfeld I_31.2_2_I (veraltet),20556,HH_STA_HamburgerRadzaehlnetz,Anzahl_Fahrraeder_Zaehlfeld_5-Min,5-min,9.972362,53.582203,10176,10176,True
9471,Zählfeld B_65.1_1_I (veraltet),20696,HH_STA_HamburgerRadzaehlnetz,Anzahl_Fahrraeder_Zaehlfeld_5-Min,5-min,9.975855,53.46037,10176,10176,True
9472,Zählfeld B_65.1_2_G (veraltet),20697,HH_STA_HamburgerRadzaehlnetz,Anzahl_Fahrraeder_Zaehlfeld_5-Min,5-min,9.975855,53.46037,10176,10176,True
9473,Zählfeld B_9.4_1_G (veraltet),20701,HH_STA_HamburgerRadzaehlnetz,Anzahl_Fahrraeder_Zaehlfeld_5-Min,5-min,10.109583,53.538,10161,10176,False
9474,Zählfeld B_9.4_2_I (veraltet),20702,HH_STA_HamburgerRadzaehlnetz,Anzahl_Fahrraeder_Zaehlfeld_5-Min,5-min,10.109583,53.538,10161,10176,False
9483,Zählfeld I_19.1_1_I (veraltet),20735,HH_STA_HamburgerRadzaehlnetz,Anzahl_Fahrraeder_Zaehlfeld_5-Min,5-min,9.934159,53.555695,10176,10176,True
9484,Zählfeld B_37.1_1_I (veraltet),20736,HH_STA_HamburgerRadzaehlnetz,Anzahl_Fahrraeder_Zaehlfeld_5-Min,5-min,10.018309,53.564808,10176,10176,True
9485,Zählfeld B_37.1_2_G (veraltet),20737,HH_STA_HamburgerRadzaehlnetz,Anzahl_Fahrraeder_Zaehlfeld_5-Min,5-min,10.018309,53.564808,10176,10176,True
9486,Zählfeld D_15.2_2_I (veraltet),20738,HH_STA_HamburgerRadzaehlnetz,Anzahl_Fahrraeder_Zaehlfeld_5-Min,5-min,10.024156,53.53503,10176,10176,True
9491,Zählfeld I_71.2_1_I (veraltet),20752,HH_STA_HamburgerRadzaehlnetz,Anzahl_Fahrraeder_Zaehlfeld_5-Min,5-min,9.997188,53.545395,10176,10176,True
9507,Zählfeld D_15.1_1_I (veraltet),20821,HH_STA_HamburgerRadzaehlnetz,Anzahl_Fahrraeder_Zaehlfeld_5-Min,5-min,10.023593,53.53475,10176,10176,True
9508,Zählfeld B_46.5_1_I (veraltet),20822,HH_STA_HamburgerRadzaehlnetz,Anzahl_Fahrraeder_Zaehlfeld_5-Min,5-min,10.092938,53.6564,10176,10176,True
9509,Zählfeld B_46.5_2_G (veraltet),20823,HH_STA_HamburgerRadzaehlnetz,Anzahl_Fahrraeder_Zaehlfeld_5-Min,5-min,10.092938,53.6564,10176,10176,True
9510,Zählfeld B_37.2_1_G (veraltet),20824,HH_STA_HamburgerRadzaehlnetz,Anzahl_Fahrraeder_Zaehlfeld_5-Min,5-min,10.018335,53.564533,10176,10176,True
9511,Zählfeld B_37.2_2_I (veraltet),20825,HH_STA_HamburgerRadzaehlnetz,Anzahl_Fahrraeder_Zaehlfeld_5-Min,5-min,10.018335,53.564533,10176,10176,True
9512,Zählfeld D_74.2_1_I (veraltet),20826,HH_STA_HamburgerRadzaehlnetz,Anzahl_Fahrraeder_Zaehlfeld_5-Min,5-min,9.932612,53.59693,10176,10176,True
9527,Zählfeld D_56.1_1_I (veraltet),20880,HH_STA_HamburgerRadzaehlnetz,Anzahl_Fahrraeder_Zaehlfeld_5-Min,5-min,9.999764,53.55507,9758,10176,False
9528,Zählfeld D_55.3_2_I (veraltet),20881,HH_STA_HamburgerRadzaehlnetz,Anzahl_Fahrraeder_Zaehlfeld_5-Min,5-min,9.947548,53.54874,10176,10176,True
9529,Zählfeld I_86.1_2_I (veraltet),20882,HH_STA_HamburgerRadzaehlnetz,Anzahl_Fahrraeder_Zaehlfeld_5-Min,5-min,10.010613,53.559757,10175,10176,False
9530,Zählfeld A_27.3_1_G (veraltet),20883,HH_STA_HamburgerRadzaehlnetz,Anzahl_Fahrraeder_Zaehlfeld_5-Min,5-min,9.993779,53.558514,10175,10176,False
9531,Zählfeld A_27.3_2_I (veraltet),20884,HH_STA_HamburgerRadzaehlnetz,Anzahl_Fahrraeder_Zaehlfeld_5-Min,5-min,9.993779,53.558514,10175,10176,False
9535,Zählfeld K_87.1_1_I (veraltet),20897,HH_STA_HamburgerRadzaehlnetz,Anzahl_Fahrraeder_Zaehlfeld_5-Min,5-min,9.912326,53.56031,4397,10176,False
9536,Zählfeld K_87.1_2_I (veraltet),20898,HH_STA_HamburgerRadzaehlnetz,Anzahl_Fahrraeder_Zaehlfeld_5-Min,5-min,9.912326,53.56031,4397,10176,False
9589,Zählfeld B_72.2_1_I (veraltet),20997,HH_STA_HamburgerRadzaehlnetz,Anzahl_Fahrraeder_Zaehlfeld_5-Min,5-min,9.973194,53.569805,227,10176,False
9590,Zählfeld D_72.2_1_I (veraltet),20998,HH_STA_HamburgerRadzaehlnetz,Anzahl_Fahrraeder_Zaehlfeld_5-Min,5-min,9.973194,53.569805,8185,10176,False
11871,Zählfeld J_6.1_2_I (veraltet),25835,HH_STA_HamburgerRadzaehlnetz,Anzahl_Fahrraeder_Zaehlfeld_5-Min,5-min,9.96656,53.541073,8185,10176,False
11872,Zählfeld J_6.2_1_I (veraltet),25836,HH_STA_HamburgerRadzaehlnetz,Anzahl_Fahrraeder_Zaehlfeld_5-Min,5-min,9.96656,53.541008,8185,10176,False
11882,Zählfeld D_6.2_1_I (veraltet),25851,HH_STA_HamburgerRadzaehlnetz,Anzahl_Fahrraeder_Zaehlfeld_5-Min,5-min,9.966496,53.5413,1992,10176,False
11964,Zählfeld J_87.1_1_I (veraltet),26140,HH_STA_HamburgerRadzaehlnetz,Anzahl_Fahrraeder_Zaehlfeld_5-Min,5-min,9.912326,53.56031,4912,10176,False
11965,Zählfeld J_87.1_2_I (veraltet),26141,HH_STA_HamburgerRadzaehlnetz,Anzahl_Fahrraeder_Zaehlfeld_5-Min,5-min,9.912326,53.56031,4912,10176,False
